dep,hosp_rate_mean,hosp_rate_max,new_hosp_rate_mean,new_hosp_rate_max,rea_rate_mean,rea_rate_max,icu_pressure_mean,icu_pressure_max,cfr_mean,cfr_max,tx_pos_mean,tx_pos_max,tx_pos_7j_mean,couv_complet_max,couv_complet_lag14_mean,population,is_dom
01,20.660834973821988,70.4127,0.3095681341719077,6.3729,1.3712541361256545,6.062,6.5523345549738226,31.4286,17.712704702194358,100.0,12.240122358175752,46.29,12.25428963398485,73.4,53.46342141863699,643350,0
02,30.950029109947643,65.6221,0.4870749475890986,7.5864,3.3842805235602094,11.9485,10.992442617801046,36.5385,20.815837240663903,100.0,11.425317018909901,46.67,11.43602616664018,79.2,57.39596662030598,527261,0
03,25.33068157068063,83.4349,0.5721967505241089,8.8761,2.1714560209424083,8.5802,10.426822955974842,46.1538,18.570571099476442,24.3199,10.758218262806235,53.09,10.750749510037608,81.8,60.65952712100139,337988,0
04,46.28628020942408,117.1339,0.7398888888888889,12.8115,2.1470742408376964,9.1511,5.155479371727749,33.3333,14.746557277486911,20.0209,10.758301675977654,51.85,10.694421950315165,71.8,52.105980528511814,163915,0
05,44.51766314136126,135.1887,0.9096015723270441,31.1429,3.828023664921466,17.6949,11.133153403141362,57.1429,14.66802115183246,20.4957,12.50459308807135,83.33,12.489196143863552,77.4,56.33783031988874,141284,0
06,31.64796387434555,69.6483,0.35075073375262056,3.0163,3.849115916230366,12.4307,11.874315811518326,35.6164,18.12044659685864,23.8307,8.905706340378197,31.07,8.901266989777001,77.4,56.68956884561892,1094068,0
07,21.374164816753925,77.98,0.4888492662473794,8.4629,1.7751762303664922,7.8585,9.859675287958115,100.0,18.431821720881427,75.0,11.161679644048943,48.89,11.147105964298957,75.7,55.47121001390821,330854,0
08,27.746965340314137,82.6223,0.46100932914046117,12.4299,1.9067884816753926,6.5805,11.054236947368421,100.0,22.31073078534031,29.7101,9.023482642777156,50.0,9.012935854653318,79.6,58.31974965229485,273534,0
09,18.689727015706804,62.9229,0.508620964360587,7.7843,3.086544188481675,11.6764,22.027097801047123,100.0,14.286212041884816,20.0,10.237091319052986,100.0,10.18479262672811,74.4,54.42350486787205,154157,0
10,21.138310785340316,88.3814,0.49128081761006287,15.8054,2.1316006282722513,8.7091,10.272399371727749,36.3636,18.303047894736842,100.0,11.041423804226918,49.35,11.068101117643941,75.9,55.72392211404729,310020,0
11,23.060632356020943,52.3956,0.43201729559748425,5.6717,1.8283451308900525,5.9418,9.42026942408377,87.5,20.697043246073296,48.0,9.264532293986637,100.0,9.267041209809841,76.0,55.53532684283728,370260,0
12,24.22313947643979,66.9756,0.4523957023060797,9.3121,1.0422275392670157,4.6561,5.1047824083769635,31.25,17.1167032460733,33.3333,10.872572383073496,70.0,10.859776418242491,78.1,57.93741307371349,279206,0
13,41.921820732984294,80.7103,0.4536364779874214,5.7266,6.898730261780105,17.3265,15.812521151832462,28.8612,13.262178010471203,15.4373,8.703314794215794,27.32,8.693587848932676,72.0,52.098331015299024,2043110,0
14,19.642915015641293,45.2448,0.33486037735849056,5.7637,2.4673634554973822,8.5014,13.282992356020943,50.0,17.43456687631027,30.7692,8.803236929922136,37.22,8.782252237936332,83.1,60.72461752433936,694002,0
15,22.31206167539267,60.1277,0.6114280922431866,15.8958,2.4055339267015707,10.3668,12.77435890985325,100.0,16.26682658227848,21.6216,9.181982082866742,60.0,9.18284673446687,83.0,61.540333796940196,144692,0
16,10.196447434554974,36.0452,0.28917138364779876,5.3926,1.2277014659685863,4.2573,15.613441719077569,100.0,17.812924109014677,66.6667,12.33706013363029,100.0,12.335786296943695,81.5,59.38011126564673,352335,0
17,14.958399162303664,45.1589,0.32387589098532493,8.6904,1.5188669109947646,4.0348,12.250583664921466,46.1538,19.875601465968586,33.0645,11.11476084538376,54.72,11.091286111552519,84.6,61.89680111265647,644391,0
18,27.71673895287958,71.9789,0.5329700209643605,8.5454,1.2685650261780106,5.5874,6.490352375923971,100.0,24.943086722866177,73.3333,13.796387959866221,80.0,13.763289475078128,81.0,59.303198887343534,304256,0
19,17.669267120418848,68.3332,0.5391604821802936,7.8687,1.8079033507853404,6.2121,13.853578603603605,100.0,18.235749947423763,100.0,13.016726057906459,100.0,13.004133667037447,81.4,60.01043115438109,241464,0
21,32.022105340314134,73.3163,0.5197273584905661,11.2219,4.333059267015707,15.1495,15.02907057591623,51.6129,18.73384282722513,25.8103,11.93162402669633,63.64,11.919680915302717,78.2,57.30389429763561,534670,0
22,11.68959727748691,38.7432,0.258901572327044,4.0079,0.7657495287958115,3.3399,7.694974240837696,100.0,14.348196335078534,36.0,10.92599555061179,54.55,10.910829810901001,85.0,62.52489568845619,598814,0
23,24.445063455497383,90.4499,0.665549895178197,15.2242,5.150080209424083,15.2242,22.843088721804513,75.0,14.64432271762208,44.4444,11.726383219954648,100.0,11.687238889771704,80.5,59.45285118219749,111664,0
24,24.29516607329843,56.3077,0.3397595387840671,6.0158,1.49191109947644,5.7751,7.230938534031414,100.0,16.42970272251309,22.5371,12.023147942157953,66.67,11.977547804438794,80.8,59.143810848400555,415574,0
25,15.270105759162302,43.1667,0.3362655136268344,10.515,3.955445654450262,14.9423,25.19840167539267,62.5,17.32368855359001,100.0,11.324338153503893,47.62,11.327830631919063,73.3,53.42280945757997,542085,0
26,23.973266492146596,82.1821,0.4541772536687631,6.945,3.3339367432150313,13.697,13.36303937172775,31.3433,20.89291983385254,100.0,11.859187986651834,45.45,11.845009454949945,75.3,54.93963838664812,518361,0
27,24.440743169968716,48.0192,0.32779025157232705,4.4862,1.0759314136125655,3.6554,5.0258330188679246,100.0,21.434294099051634,100.0,11.155261401557286,58.82,11.172308173102389,80.3,58.0778859527121,601843,0
28,27.110424816753927,64.1687,0.5395512578616353,9.2329,2.9438914136125653,10.387,13.130357591623037,60.0,15.981398744769873,100.0,12.640300333704115,61.11,12.667647624344509,79.8,58.11738525730181,433233,0
29,14.332550366492146,48.4033,0.23742306079664569,6.3804,1.4007219895287957,4.7303,12.130617591623036,44.6809,16.19475267015707,30.7692,12.000567296996664,52.85,11.96752621960909,84.1,61.356328233657855,909028,0
2A,30.15792554973822,70.5887,0.6079336477987421,37.5201,2.494203738317757,15.2624,10.820216876310273,37.5,19.215919646569645,100.0,8.151852678571428,50.0,8.100124821229938,69.6,51.83630041724618,157249,0
2B,9.90864272251309,32.3351,0.23696886792452831,13.7353,1.1491174869109948,3.72,16.1230666316894,100.0,13.801918992654775,18.8095,9.01376811594203,50.0,8.932597462789342,64.9,48.01738525730181,349465,0
30,22.03373308900524,50.817,0.3438200209643606,10.1634,3.563519371727749,10.9554,16.479211832460734,64.7059,17.834630052356022,32.1429,10.60511679644049,38.53,10.577085412362942,76.9,55.8643949930459,757620,0
31,19.559722303664923,53.4622,0.27122746331236897,4.4612,3.595919162303665,10.4334,18.844196963350786,47.1616,11.511631727748691,14.678,10.523870967741935,42.19,10.53946734466868,74.3,54.00152990264256,1389767,0
32,23.730368062827225,93.6726,0.5617047169811321,19.3625,1.351829214659686,5.2331,11.150103769633507,100.0,18.105877402323124,50.0,12.029280089988752,75.0,12.04620745272525,80.4,59.537413073713495,191091,0
33,20.400292565445024,39.9849,0.20200775681341718,3.1421,3.5353879581151832,7.8861,18.847260314136125,71.4286,14.787966597077244,100.0,11.054349276974417,46.07,11.04680533926585,79.2,57.67538247566064,1623111,0
34,18.74458408376963,40.7899,0.2694462264150943,3.4938,3.4482304712041887,9.5205,18.66133162303665,41.4634,15.513982513089006,19.4915,9.199555061179087,33.78,9.201371629853277,75.7,55.2105702364395,1144892,0
35,20.8979245026178,46.37,0.28566174004192874,4.02,1.8816994764397905,5.3288,9.335138429319372,50.0,15.032459958071279,22.6415,11.307352614015572,44.25,11.339722813708354,79.9,57.8432545201669,1069657,0
36,27.427589947643977,67.497,0.5575244234800838,10.3495,1.6024969633507855,5.8497,8.36856320754717,40.0,23.033728,100.0,13.158822869955157,100.0,13.124792070554584,82.2,60.253129346314324,222232,0
37,19.211941151832463,41.5364,0.27637945492662475,4.543,3.173510785340314,10.3841,16.62871947643979,50.0,18.10906967471144,100.0,10.396284760845385,50.0,10.414282324275652,81.2,59.12461752433936,616327,0
38,29.180858743455495,86.0127,0.4583019916142558,7.855,2.8625812761506277,10.4472,10.759711413612566,31.1828,17.552015673981188,100.0,12.851935483870967,44.66,12.873662720483075,78.0,57.05118219749653,1273068,0
39,32.1239509947644,107.6541,0.666345073375262,12.8882,1.7432974869109947,6.8231,7.147432460732984,50.0,18.51791789802289,100.0,11.763567447045707,100.0,11.75691183325388,77.3,56.6182197496523,263808,0
40,12.812762722513089,33.8217,0.2752633123689728,4.5901,1.117603560209424,4.3485,12.090154,66.6667,17.98222183544304,24.3902,12.268153503893215,59.46,12.305499682186555,83.8,62.020027816411684,413936,0
41,29.82344554973822,66.5939,0.45965733752620547,5.9459,1.5845450261780105,7.1351,6.092567505241091,21.2121,16.78787255520505,29.1667,12.159409799554565,60.0,12.185100058265798,82.9,60.51335187760779,336367,0
42,37.27570429319371,127.0085,0.4867777777777778,7.7332,4.399015816857441,14.9422,11.557877382198953,37.5,19.11823493222106,100.0,11.457530589543937,42.93,11.443312251708248,76.7,56.28859527121001,762941,0
43,31.89087057591623,106.5869,0.6096659329140461,10.0885,1.4734260732984295,8.7726,6.081191727748691,100.0,14.708638534031413,18.75,12.365837053571429,52.63,12.34687684729064,77.9,57.37524339360223,227983,0
44,10.703131413612565,26.6307,0.2020763102725367,2.7959,1.4934515183246073,4.8928,14.873183455497381,39.726,16.541945968586386,35.9375,11.277308120133481,45.63,11.279062715186186,79.3,57.55549374130737,1430682,0
45,30.54886827225131,56.0301,0.37517494758909853,5.5446,4.460770994764398,11.8188,15.690361361256544,42.3729,15.661968940188878,26.5306,11.678965517241378,47.39,11.66925398591027,77.8,56.44881780250347,685346,0
46,14.646067748691099,43.0493,0.38085974842767295,7.4619,1.386000837696335,5.7399,11.331538793103448,61.5385,17.49524041884817,27.5362,11.783569819819819,100.0,11.766840457651359,78.0,57.5970792767733,174219,0
47,8.514492146596858,26.576,0.23534381551362685,2.5201,1.1087988481675393,4.5821,13.667264293193718,50.0,15.845512879581152,50.0,11.097630700778643,60.0,11.076358625986545,79.3,57.75632823365786,436484,0
48,20.28848376963351,87.6173,0.7426489517819707,19.6384,1.706781884816754,10.5745,6.795651518438177,33.3333,17.990001051524708,27.2727,13.299496487119438,100.0,12.955219741511735,75.3,55.45897079276773,66197,0
49,18.499594659685865,38.9563,0.29805786163522013,4.1262,2.483607015706806,8.2524,13.560963036649214,35.0318,16.11095109947644,21.2254,11.967252502780868,46.86,12.007262805233328,80.1,58.43796940194715,824000,0
50,30.888187486965588,90.6698,0.38683155136268343,5.7663,1.5738303664921467,5.7663,7.542731308900524,36.8421,19.1233187434555,38.4615,10.488431590656285,51.52,10.501766963292548,85.5,62.817802503477054,502924,0
51,31.646620628272252,69.1122,0.4788685534591195,9.6232,3.218120732984293,12.4227,10.230659371727748,26.0,18.907325,100.0,9.667819799777531,53.85,9.658146617935271,78.3,57.009874826147424,571534,0
52,33.25274314136126,86.352,0.6962358490566039,11.9481,2.330485026178011,12.4912,7.17742670157068,42.8571,21.803311518324605,100.0,12.982213483146067,100.0,12.823767387043805,80.7,59.0606397774687,184130,0
53,14.123881047120419,44.303,0.39063993710691824,6.1894,1.2331062827225132,4.8864,8.183301780104712,33.3333,17.242898324607328,63.6364,12.397407407407407,61.11,12.34420766460088,81.8,59.5749652294854,306977,0
54,29.507862303664922,69.8041,0.40886373165618445,8.3165,4.878692251308901,24.5405,14.980434764397906,54.2857,20.550057591623037,85.7143,9.300066740823137,44.12,9.298632342814768,77.2,56.354520166898475,733481,0
55,31.714286806282722,90.5181,0.593435429769392,13.9259,2.7560096335078534,12.8546,10.09308219895288,50.0,19.790791299790357,31.4286,9.691919191919192,66.67,9.690323428147677,81.0,58.938942976356046,186703,0
56,15.9720522513089,31.7384,0.25669004192872114,2.6559,1.3891652356020943,5.3119,8.483371623036648,35.8974,16.495168821689262,100.0,11.975005561735262,52.24,11.980753456221198,83.9,61.27454798331016,753030,0
57,31.11944104712042,102.6332,0.4202819706498952,12.8411,3.8457181151832462,17.3451,12.433681256544503,27.9279,24.059062669447343,100.0,8.585150166852058,38.24,8.591668123311615,77.0,56.46105702364395,1043522,0
58,28.949902408376964,100.422,0.5945233752620545,17.9157,1.3976175916230367,5.6576,9.207546274921302,100.0,21.884421693121695,75.0,13.441297539149888,72.22,13.474778431060967,82.3,60.45271210013908,212105,0
59,30.582976649214658,64.968,0.31997935010482176,4.1085,4.3607072251308905,13.8998,14.962471204188482,54.4304,17.903522094240838,37.2549,8.807708565072303,28.23,8.80657969172096,77.0,55.90653685674548,2604361,0
60,33.84898356020942,74.3478,0.37746268343815514,7.3984,2.6995178010471204,9.7028,7.748892460732984,23.4043,22.809727404343327,100.0,10.496818687430478,41.43,10.508316568674188,75.7,54.75799721835883,824503,0
61,31.739394994786235,69.8728,0.5323037735849057,8.1165,2.071179895287958,6.3521,7.9688924607329845,36.3636,15.688759371727748,20.4413,10.208442714126807,78.57,10.221722628317178,82.3,60.39499304589708,283372,0
62,22.509339685863875,62.4805,0.26765377358490566,4.0616,3.0230009424083772,10.4924,12.764035392670158,43.0769,18.37348659043659,100.0,10.009577308120134,36.36,9.986103024524605,81.5,59.53991655076495,1477260,0
63,25.74075214659686,57.8974,0.3399577568134172,5.9578,2.5405141361256542,7.7909,11.602939790575917,52.5424,19.19026167539267,23.1984,10.75230255839822,66.67,10.78908567720748,78.1,57.487204450625875,654606,0
64,21.48510722513089,61.2569,0.3235040880503145,4.8361,1.7349364397905758,4.3964,9.36075741324921,39.1892,15.99264937106918,33.3333,11.571557285873192,53.32,11.530623867789608,81.2,59.99304589707928,682372,0
65,27.506218952879582,83.7039,0.6330878406708595,9.4435,2.7975658638743455,8.1558,14.530295807127883,50.0,15.303160988433229,22.5806,9.949461883408071,100.0,9.922634143757616,79.4,58.74659248956885,232964,0
66,24.486083141361256,63.8364,0.4194775681341719,7.3255,2.574061256544503,7.7441,14.452179368421053,100.0,16.862010471204187,62.5,9.619065628476086,53.85,9.586724932464643,77.7,56.86105702364395,477784,0
67,28.403153612565443,99.6838,0.3669246331236897,8.1737,3.999130890052356,25.1431,14.04746827225131,35.2941,18.948727510460248,100.0,8.576384872080089,34.78,8.55824850362837,77.7,56.70319888734353,1125559,0
68,35.0944245026178,143.4903,0.458308071278826,12.4661,3.861264293193717,21.1664,12.76238837696335,36.0,19.692473931178313,100.0,8.695050055617353,34.97,8.677466629588432,73.1,53.17746870653686,770087,0
69,32.52267015706806,103.783,0.4227003144654088,9.4397,5.186843006263048,16.4924,16.047401570680627,32.9268,17.35940134994808,100.0,10.367630700778642,34.15,10.398093913872556,76.0,55.19026425591099,1843270,0
70,21.9282967539267,52.0478,0.5041117400419287,7.4949,2.3173512041884816,9.5768,11.363316842105263,50.0,17.9317603125,100.0,12.265089485458613,100.0,12.279456062291434,78.7,57.53226703755215,240164,0
71,32.067828586387435,98.1252,0.5044637316561845,7.2018,2.385087853403141,9.9025,8.182098534031413,60.0,19.063784375,100.0,12.164171301446052,50.0,12.20581635679856,81.2,59.62823365785813,555413,0
72,20.091007539267014,52.7797,0.369504821802935,5.1191,1.0894331937172774,4.7661,5.566984188481675,23.7624,15.904792879581152,21.6981,11.129232480533927,43.59,11.121377880184331,81.6,59.18915159944367,566506,0
73,24.48659015706806,104.483,0.4955261006289308,10.4483,2.477526882845188,11.1449,10.63657947643979,42.1053,17.515044132917964,100.0,12.34995550611791,62.5,12.403657900312517,78.1,57.14005563282336,430692,0
74,41.810653612565446,162.3807,0.7141377358490566,10.9846,4.574963607924921,22.6855,10.88366722513089,32.5342,15.930898029045643,100.0,11.523581757508344,46.49,11.51713083320091,71.4,51.69471488178025,418769,0
75,42.81841277486911,149.9868,0.4560823899371069,12.3884,8.040929633507854,39.0852,19.284664188481674,36.5782,18.276102513089004,33.5159,6.096340378197997,23.54,6.1006291117114255,82.5,60.539082058414465,2187526,0
76,30.403927841501563,68.8574,0.34861037735849054,5.1802,3.1782432460732983,10.1214,10.81235664921466,33.6364,18.855047510373446,100.0,9.297252502780868,39.12,9.304294109857514,80.6,58.80917941585536,1254767,0
77,24.566078952879582,58.4992,0.3605884696016771,5.1922,4.733003246073299,14.746,19.621234136125658,52.0,17.817358429319373,23.7736,10.316496106785317,35.32,10.337211690237831,74.1,53.48066759388039,1444464,0
78,32.98819905759162,74.4355,0.3325181341719078,7.7914,3.353946492146597,13.4262,11.318201047120418,26.3636,17.701607643979056,50.0,10.14769744160178,38.41,10.166822156893904,77.9,56.62878998609179,1437487,0
79,14.440134869109947,40.1647,0.34713249475890984,6.6498,1.3447219895287958,5.0538,11.824627589852009,50.0,18.401367748691097,44.4444,12.162216035634744,75.0,12.23758138672599,82.4,60.126008344923505,375952,0
80,51.15253842931937,101.0594,0.6214382599580712,12.7299,5.740745759162303,23.1216,10.948603560209424,40.0,22.932177985462097,100.0,9.284193548387096,52.0,9.290824090259019,81.1,59.12127955493741,384922,0
81,19.153966387434554,52.3344,0.3867029350104822,7.2185,2.6347329842931937,8.7654,14.80993445026178,48.0,18.602569947643982,25.0,11.892057842046718,53.85,11.845083690873459,77.9,57.279276773296246,387890,0
82,17.11573497382199,43.9828,0.4742703354297694,7.2667,2.911100104712042,9.5615,23.19760010471204,100.0,17.25082062827225,100.0,11.508698553948832,61.7,11.512226097780603,76.0,55.03810848400556,261466,0
83,27.78318617801047,61.3347,0.3901932914046121,4.805,3.1495762303664923,8.3852,11.786996963350784,48.5714,16.855794764397906,19.9044,9.31122358175751,33.27,9.285322898458604,77.0,55.98664812239221,1061390,0
84,33.75651382198953,94.3927,0.5230664570230608,9.4393,1.9882086910994763,7.624,6.92974554973822,40.0,16.395809633507852,21.6625,10.577230255839822,43.33,10.544959929021664,75.6,54.37134909596662,550890,0
85,8.881013717277487,26.259,0.2180509433962264,2.6406,1.1525550785340315,3.6675,14.910469214659686,71.4286,14.296747064989518,29.6296,12.473503893214684,50.0,12.458492955135336,84.7,61.90431154381084,681671,0
86,15.274225863874346,44.985,0.40685670859538786,7.6859,1.5023870157068064,6.5556,12.000510598111228,50.0,17.543862526096035,100.0,11.799621802002225,54.0,11.856229858573018,78.8,57.66369958275382,442370,0
87,15.1903077486911,64.6672,0.3358553459119497,12.7738,1.891817068062827,8.5158,12.538574973821989,33.3333,20.04515654450262,60.0,12.599532293986636,100.0,12.603043937708566,81.2,59.76550764951322,375770,0
88,25.02836670157068,71.5271,0.4496393081761006,10.7607,1.7573360209424083,9.0728,6.850024816753926,33.3333,22.888739874739038,100.0,8.860444938820912,68.0,8.868446554372584,80.5,58.88678720445063,473946,0
89,36.913517172774874,73.9377,0.5956751572327044,10.4816,2.6130554973821987,7.6487,8.994379476439791,44.4444,20.281162370062372,100.0,11.263897550111357,58.33,11.24362023941946,79.2,57.5894297635605,353000,0
90,45.35512073298429,139.3775,1.1228457023060796,18.2591,5.321572356020942,27.9972,13.207021884816754,100.0,22.477978578892372,100.0,10.540627802690583,66.67,10.541254065363633,75.5,54.88636995827539,164302,0
91,33.58988408376963,94.975,0.4150440251572327,12.8845,4.6817567539267015,18.2852,14.685458115183245,38.0531,16.533673507853404,100.0,10.070255839822025,39.3,10.082158456486042,74.3,53.60458970792767,1296130,0
92,47.87521089005235,125.7685,0.43738008385744237,11.9306,6.317377382198953,28.3352,12.945163769633508,32.2148,15.825230052356021,25.9439,8.003325917686318,31.64,8.019012500662111,77.2,56.47635605006954,1609306,0
93,45.933701570680626,100.9173,0.40782714884696014,12.8765,4.482438115183246,15.4641,9.952373821989529,35.8696,16.504265968586388,40.4762,7.530511679644049,23.11,7.554107897664071,65.9,46.829346314325456,1623111,0
94,45.457408691099474,164.1298,0.5564498951781971,14.2659,4.949092879581152,24.7852,10.997908481675392,26.8229,18.009806073298428,34.1629,8.212714126807564,25.74,8.231634620477779,72.6,52.74450625869263,1387926,0
95,31.61394785340314,78.218,0.38478218029350103,6.7556,2.73605612565445,15.3017,8.82420052356021,32.2222,18.53874521829522,100.0,9.662424916573972,31.9,9.703294215795328,71.5,51.4105702364395,1228618,0
971,23.859341483803554,144.9801,0.4741471698113207,11.5984,3.3040905956112856,21.5054,15.531770619097587,100.0,18.375662407602956,21.875,8.762035595105672,43.75,8.798583108215478,39.1,25.76703755215577,413850,1
972,25.162427853403145,212.4559,0.5772339622641509,28.1856,5.076079162303665,48.6601,19.230010261780105,50.0,16.569520314136128,100.0,8.96845982142857,55.56,8.941250648869113,41.5,27.459388038942976,376078,1
973,15.485396649214659,66.7375,0.47958700209643607,10.3202,3.231504502617801,13.0723,18.74662265957447,60.0,4.9734959617428265,6.8879,9.73174638487208,43.75,9.677053180782881,30.7,20.72420027816412,290691,1
974,16.95030628272251,71.1296,0.284467714884696,11.2131,2.418984188481675,10.7601,16.578378638743455,100.0,8.75696875,11.681,10.12249165739711,53.57,10.043565946289528,65.4,44.68247566063978,882895,1
976,5.641216718913271,54.2853,0.22984958071278827,13.1139,1.0401041884816753,10.0641,16.29913352534562,100.0,8.63974335812965,50.0,6.271761426978819,48.0,6.2773674188251505,46.7,30.229485396383865,327897,1
