dep,nom,kmeans_cluster,is_dom,pc1,pc2,pc3
01,Ain,1,0,-0.5427265763291649,-0.5376791166283466,-0.4973542289994829
02,Aisne,1,0,0.32062311046136305,0.15647706366799893,-1.12994532933143
03,Allier,1,0,-0.36107166570804283,0.528846032959638,-0.7906359020123039
04,Alpes-de-Haute-Provence,0,0,2.049202756645946,0.9545579585757844,0.20262503534871146
05,Hautes-Alpes,0,0,2.6428009936773393,3.7712378654582226,1.6404778732511534
06,Alpes-Maritimes,0,0,0.8281632961762838,-1.7590101384344727,-0.8419305940333013
07,Ardèche,1,0,-0.498139366092578,0.41905964817094543,0.9982998558003543
08,Ardennes,1,0,-0.06842282751791975,0.8227305638638723,0.1809730573792982
09,Ariège,1,0,-0.43343807873978796,-0.07988199774942181,3.3127438656681303
10,Aube,1,0,0.5026106818214228,0.5511861056876864,-0.05751764484638641
11,Aude,1,0,-0.9930191401772619,0.7279940096069282,0.7208599408475039
12,Aveyron,1,0,-0.8528214001523211,0.4482909305717132,-0.7366363939137122
13,Bouches-du-Rhône,0,0,2.9251433645340295,-2.42385682056289,0.7291492897380923
14,Calvados,1,0,-0.7905648989501429,-1.4588223932400508,-0.6284407623025193
15,Cantal,1,0,-0.4275858301768139,0.9000818337611802,1.177942720404715
16,Charente,1,0,-3.114832089272292,0.47991904543128916,1.387895061956354
17,Charente-Maritime,1,0,-1.9333103585028086,-0.13116866525155052,-0.982347761339448
18,Cher,1,0,-1.7768231314404697,2.742973008550811,-0.598194118337504
19,Corrèze,1,0,-2.1575883510763942,1.8110428729773012,1.1449161217314434
21,Côte-d'Or,1,0,0.6224989067979125,0.5304637519806765,0.2736516548771162
22,Côtes-d'Armor,1,0,-3.113328632704963,-0.6428816148278202,0.3240043898436179
23,Creuse,1,0,0.3220046055851003,1.3360581985110584,2.276661851547401
24,Dordogne,1,0,-1.9888909412573976,0.37454881770472953,0.5453984700340827
25,Doubs,1,0,0.35182818599263777,-1.4053840744509873,2.0652955882197888
26,Drôme,1,0,0.6331082283952401,-0.1912810736494499,-0.6209720384812857
27,Eure,1,0,-1.883495834671618,0.5598004540493031,-0.4727290681081691
28,Eure-et-Loir,1,0,-0.5293090125519454,0.5125770895694509,0.417426260977697
29,Finistère,1,0,-2.2671972218772867,-0.7836720216263615,-0.5669482823425288
2A,Corse-du-Sud,0,0,3.3713258193769415,1.7501858321998482,1.4156454666259846
2B,Haute-Corse,1,0,-0.20472755929685185,-1.7677760601050618,3.855069001509095
30,Gard,1,0,0.08236444235164508,-1.024729168518745,0.8147097801883393
31,Haute-Garonne,1,0,-0.08725545202854454,-2.5937196697846545,1.6655965110222049
32,Gers,1,0,-0.8484291029751856,2.346988374294028,1.2229726868481678
33,Gironde,1,0,-1.1807880322145285,-1.946911254424558,0.9699361591224983
34,Hérault,1,0,-0.040866902137978604,-2.709453446343948,0.68585794403629
35,Ille-et-Vilaine,1,0,-1.4586133198835283,-1.2499660296020838,-0.20495242860790425
36,Indre,1,0,-1.4061463661101834,2.524267174352633,-1.3392988032020032
37,Indre-et-Loire,1,0,-0.8919108788847558,-1.322857738188156,-0.24447858680981854
38,Isère,1,0,0.052191458583261234,0.07767358711721273,-0.7298692905388097
39,Jura,1,0,0.016520377550446864,2.4650586392602896,-0.008596762874624329
40,Landes,1,0,-2.8370395736512095,-0.37118874255965945,-0.33468553347685237
41,Loir-et-Cher,1,0,-1.1113399003353683,0.28622091498754515,-1.6038010328722003
42,Loire,0,0,1.6077932796964023,0.17306285367171298,-0.8342520513252064
43,Haute-Loire,1,0,-0.3601781327467033,1.2728315108954125,0.9624538865945881
44,Loire-Atlantique,1,0,-1.9744348551425261,-1.9148289712749211,-0.04468719319239597
45,Loiret,1,0,0.1271893884635278,-1.1765758947135045,0.2884645583924719
46,Lot,1,0,-1.9953209314340776,0.5633583811823761,0.7398670291766609
47,Lot-et-Garonne,1,0,-2.305742638392182,-1.5288535661860783,0.2943883921736248
48,Lozère,1,0,0.06007528364332369,2.8552334644196806,0.5466874935537565
49,Maine-et-Loire,1,0,-1.3509516928239196,-1.3294124131575622,-0.2987173762805819
50,Manche,1,0,-0.9526140377762882,0.18288889218033205,-2.049430133467042
51,Marne,0,0,0.842339976802819,-0.1252042912136597,-0.9433903138213576
52,Haute-Marne,1,0,-0.18786204835119993,2.9312147629917855,-1.0117049574120462
53,Mayenne,1,0,-2.010353751290599,-0.05817401526613351,-0.8836990055740599
54,Meurthe-et-Moselle,0,0,1.7322339800588988,-0.7311624131896483,-0.21060425696911395
55,Meuse,1,0,0.7299843521332752,1.1981513566693485,-0.5162679506410126
56,Morbihan,1,0,-2.4050285263014546,-0.9091171704425128,-1.2979664596263252
57,Moselle,0,0,2.164523636089975,-0.004581000918490375,-1.4557334847718406
58,Nièvre,1,0,-0.977758879519658,3.1863748823144094,0.15009362590616204
59,Nord,0,0,0.9598560012160686,-1.950217668081305,-0.06510669056634205
60,Oise,0,0,0.8011959626890733,-0.15204034957370333,-1.7131505033884387
61,Orne,1,0,-0.6664341944681373,0.5247797774691886,-0.6725267990597362
62,Pas-de-Calais,1,0,-0.474301003724964,-1.3811789380995165,-1.0337933365736023
63,Puy-de-Dôme,1,0,-0.7140467745842748,-0.27092411598910515,-0.22516125248408306
64,Pyrénées-Atlantiques,1,0,-1.546111608274992,-0.6501262190738524,-0.7427104690330624
65,Hautes-Pyrénées,1,0,-0.19801718175465194,0.8702569397398838,0.8225941697989911
66,Pyrénées-Orientales,1,0,-0.4559887914557035,-0.435496309765401,1.3293883057198206
67,Bas-Rhin,0,0,2.087878357474256,-1.1717654756555693,-0.7171050622537388
68,Haut-Rhin,0,0,3.1891954336799606,-0.2949350105144941,-0.32570926583041165
69,Rhône,0,0,1.9352012994146002,-0.9371603153301986,-0.09799101340684735
70,Haute-Saône,1,0,-1.1830706977751435,1.066838650994786,0.24369543653759498
71,Saône-et-Loire,1,0,-0.2989887538559608,0.8735442625187407,-0.9894500671594257
72,Sarthe,1,0,-1.4117257525524005,-0.782454406597268,-1.326942506476464
73,Savoie,1,0,0.04738306044697852,0.7840373805378306,-0.22408187046838407
74,Haute-Savoie,0,0,3.43508894635118,0.7091948684000312,0.2624205425691994
75,Paris,0,0,4.828004403515941,-1.3402298207621564,-0.8640370754800499
76,Seine-Maritime,1,0,0.23592480273226094,-1.0229170107485805,-1.3672699032228077
77,Seine-et-Marne,0,0,0.9264387202797525,-1.862617262503133,0.9004487957881554
78,Yvelines,0,0,0.8156170293277523,-1.041466586383036,-0.8622713900027767
79,Deux-Sèvres,1,0,-2.2719809309348933,0.1583524370004418,-0.34002976960550835
80,Somme,0,0,2.841381576125712,1.150991542224359,-1.6699672985524943
81,Tarn,1,0,-0.7953374974651098,-0.47128512868992706,0.12611793387679965
82,Tarn-et-Garonne,1,0,-0.7641490476822217,-0.43645444534168615,2.428066192165759
83,Var,1,0,0.2723880894893522,-1.5054789411468263,-0.12263664876301239
84,Vaucluse,1,0,0.7194073224417842,-0.014845824522729168,-0.24688017723658218
85,Vendée,1,0,-3.2649836311238993,-1.3537775315553693,0.3540980249563002
86,Vienne,1,0,-1.3392615477884269,-0.25284276507177195,-0.004351178638560453
87,Haute-Vienne,1,0,-1.5379612827413165,1.257641221231936,-0.38453507579113605
88,Vosges,1,0,0.02112822901355549,0.7764254509555656,-1.690636759262227
89,Yonne,1,0,0.2904760323988874,1.1207714903006203,-0.9018467564131865
90,Territoire de Belfort,0,0,3.805990315316367,3.537163652058353,1.091002220219993
91,Essonne,0,0,2.1959321761844377,-0.7268016285279965,0.4226136387872344
92,Hauts-de-Seine,0,0,3.834338424715057,-1.0526574665745414,-0.4223536906367394
93,Seine-Saint-Denis,0,0,3.9030632743371707,-1.5580606465477744,0.7761934716108871
94,Val-de-Marne,0,0,4.48746241481867,-0.2780143779794449,-0.4117199952848769
95,Val-d'Oise,0,0,1.6244086378714424,-1.1494555437208243,-0.40865000370428567
