dep,nom,pc1,pc2,pc3,is_dom
01,Ain,-0.5427265763291649,-0.5376791166283466,-0.4973542289994829,0
02,Aisne,0.32062311046136305,0.15647706366799893,-1.12994532933143,0
03,Allier,-0.36107166570804283,0.528846032959638,-0.7906359020123039,0
04,Alpes-de-Haute-Provence,2.049202756645946,0.9545579585757844,0.20262503534871146,0
05,Hautes-Alpes,2.6428009936773393,3.7712378654582226,1.6404778732511534,0
06,Alpes-Maritimes,0.8281632961762838,-1.7590101384344727,-0.8419305940333013,0
07,Ardèche,-0.498139366092578,0.41905964817094543,0.9982998558003543,0
08,Ardennes,-0.06842282751791975,0.8227305638638723,0.1809730573792982,0
09,Ariège,-0.43343807873978796,-0.07988199774942181,3.3127438656681303,0
10,Aube,0.5026106818214228,0.5511861056876864,-0.05751764484638641,0
11,Aude,-0.9930191401772619,0.7279940096069282,0.7208599408475039,0
12,Aveyron,-0.8528214001523211,0.4482909305717132,-0.7366363939137122,0
13,Bouches-du-Rhône,2.9251433645340295,-2.42385682056289,0.7291492897380923,0
14,Calvados,-0.7905648989501429,-1.4588223932400508,-0.6284407623025193,0
15,Cantal,-0.4275858301768139,0.9000818337611802,1.177942720404715,0
16,Charente,-3.114832089272292,0.47991904543128916,1.387895061956354,0
17,Charente-Maritime,-1.9333103585028086,-0.13116866525155052,-0.982347761339448,0
18,Cher,-1.7768231314404697,2.742973008550811,-0.598194118337504,0
19,Corrèze,-2.1575883510763942,1.8110428729773012,1.1449161217314434,0
21,Côte-d'Or,0.6224989067979125,0.5304637519806765,0.2736516548771162,0
22,Côtes-d'Armor,-3.113328632704963,-0.6428816148278202,0.3240043898436179,0
23,Creuse,0.3220046055851003,1.3360581985110584,2.276661851547401,0
24,Dordogne,-1.9888909412573976,0.37454881770472953,0.5453984700340827,0
25,Doubs,0.35182818599263777,-1.4053840744509873,2.0652955882197888,0
26,Drôme,0.6331082283952401,-0.1912810736494499,-0.6209720384812857,0
27,Eure,-1.883495834671618,0.5598004540493031,-0.4727290681081691,0
28,Eure-et-Loir,-0.5293090125519454,0.5125770895694509,0.417426260977697,0
29,Finistère,-2.2671972218772867,-0.7836720216263615,-0.5669482823425288,0
2A,Corse-du-Sud,3.3713258193769415,1.7501858321998482,1.4156454666259846,0
2B,Haute-Corse,-0.20472755929685185,-1.7677760601050618,3.855069001509095,0
30,Gard,0.08236444235164508,-1.024729168518745,0.8147097801883393,0
31,Haute-Garonne,-0.08725545202854454,-2.5937196697846545,1.6655965110222049,0
32,Gers,-0.8484291029751856,2.346988374294028,1.2229726868481678,0
33,Gironde,-1.1807880322145285,-1.946911254424558,0.9699361591224983,0
34,Hérault,-0.040866902137978604,-2.709453446343948,0.68585794403629,0
35,Ille-et-Vilaine,-1.4586133198835283,-1.2499660296020838,-0.20495242860790425,0
36,Indre,-1.4061463661101834,2.524267174352633,-1.3392988032020032,0
37,Indre-et-Loire,-0.8919108788847558,-1.322857738188156,-0.24447858680981854,0
38,Isère,0.052191458583261234,0.07767358711721273,-0.7298692905388097,0
39,Jura,0.016520377550446864,2.4650586392602896,-0.008596762874624329,0
40,Landes,-2.8370395736512095,-0.37118874255965945,-0.33468553347685237,0
41,Loir-et-Cher,-1.1113399003353683,0.28622091498754515,-1.6038010328722003,0
42,Loire,1.6077932796964023,0.17306285367171298,-0.8342520513252064,0
43,Haute-Loire,-0.3601781327467033,1.2728315108954125,0.9624538865945881,0
44,Loire-Atlantique,-1.9744348551425261,-1.9148289712749211,-0.04468719319239597,0
45,Loiret,0.1271893884635278,-1.1765758947135045,0.2884645583924719,0
46,Lot,-1.9953209314340776,0.5633583811823761,0.7398670291766609,0
47,Lot-et-Garonne,-2.305742638392182,-1.5288535661860783,0.2943883921736248,0
48,Lozère,0.06007528364332369,2.8552334644196806,0.5466874935537565,0
49,Maine-et-Loire,-1.3509516928239196,-1.3294124131575622,-0.2987173762805819,0
50,Manche,-0.9526140377762882,0.18288889218033205,-2.049430133467042,0
51,Marne,0.842339976802819,-0.1252042912136597,-0.9433903138213576,0
52,Haute-Marne,-0.18786204835119993,2.9312147629917855,-1.0117049574120462,0
53,Mayenne,-2.010353751290599,-0.05817401526613351,-0.8836990055740599,0
54,Meurthe-et-Moselle,1.7322339800588988,-0.7311624131896483,-0.21060425696911395,0
55,Meuse,0.7299843521332752,1.1981513566693485,-0.5162679506410126,0
56,Morbihan,-2.4050285263014546,-0.9091171704425128,-1.2979664596263252,0
57,Moselle,2.164523636089975,-0.004581000918490375,-1.4557334847718406,0
58,Nièvre,-0.977758879519658,3.1863748823144094,0.15009362590616204,0
59,Nord,0.9598560012160686,-1.950217668081305,-0.06510669056634205,0
60,Oise,0.8011959626890733,-0.15204034957370333,-1.7131505033884387,0
61,Orne,-0.6664341944681373,0.5247797774691886,-0.6725267990597362,0
62,Pas-de-Calais,-0.474301003724964,-1.3811789380995165,-1.0337933365736023,0
63,Puy-de-Dôme,-0.7140467745842748,-0.27092411598910515,-0.22516125248408306,0
64,Pyrénées-Atlantiques,-1.546111608274992,-0.6501262190738524,-0.7427104690330624,0
65,Hautes-Pyrénées,-0.19801718175465194,0.8702569397398838,0.8225941697989911,0
66,Pyrénées-Orientales,-0.4559887914557035,-0.435496309765401,1.3293883057198206,0
67,Bas-Rhin,2.087878357474256,-1.1717654756555693,-0.7171050622537388,0
68,Haut-Rhin,3.1891954336799606,-0.2949350105144941,-0.32570926583041165,0
69,Rhône,1.9352012994146002,-0.9371603153301986,-0.09799101340684735,0
70,Haute-Saône,-1.1830706977751435,1.066838650994786,0.24369543653759498,0
71,Saône-et-Loire,-0.2989887538559608,0.8735442625187407,-0.9894500671594257,0
72,Sarthe,-1.4117257525524005,-0.782454406597268,-1.326942506476464,0
73,Savoie,0.04738306044697852,0.7840373805378306,-0.22408187046838407,0
74,Haute-Savoie,3.43508894635118,0.7091948684000312,0.2624205425691994,0
75,Paris,4.828004403515941,-1.3402298207621564,-0.8640370754800499,0
76,Seine-Maritime,0.23592480273226094,-1.0229170107485805,-1.3672699032228077,0
77,Seine-et-Marne,0.9264387202797525,-1.862617262503133,0.9004487957881554,0
78,Yvelines,0.8156170293277523,-1.041466586383036,-0.8622713900027767,0
79,Deux-Sèvres,-2.2719809309348933,0.1583524370004418,-0.34002976960550835,0
80,Somme,2.841381576125712,1.150991542224359,-1.6699672985524943,0
81,Tarn,-0.7953374974651098,-0.47128512868992706,0.12611793387679965,0
82,Tarn-et-Garonne,-0.7641490476822217,-0.43645444534168615,2.428066192165759,0
83,Var,0.2723880894893522,-1.5054789411468263,-0.12263664876301239,0
84,Vaucluse,0.7194073224417842,-0.014845824522729168,-0.24688017723658218,0
85,Vendée,-3.2649836311238993,-1.3537775315553693,0.3540980249563002,0
86,Vienne,-1.3392615477884269,-0.25284276507177195,-0.004351178638560453,0
87,Haute-Vienne,-1.5379612827413165,1.257641221231936,-0.38453507579113605,0
88,Vosges,0.02112822901355549,0.7764254509555656,-1.690636759262227,0
89,Yonne,0.2904760323988874,1.1207714903006203,-0.9018467564131865,0
90,Territoire de Belfort,3.805990315316367,3.537163652058353,1.091002220219993,0
91,Essonne,2.1959321761844377,-0.7268016285279965,0.4226136387872344,0
92,Hauts-de-Seine,3.834338424715057,-1.0526574665745414,-0.4223536906367394,0
93,Seine-Saint-Denis,3.9030632743371707,-1.5580606465477744,0.7761934716108871,0
94,Val-de-Marne,4.48746241481867,-0.2780143779794449,-0.4117199952848769,0
95,Val-d'Oise,1.6244086378714424,-1.1494555437208243,-0.40865000370428567,0
