dep,wave,wave_label,wave_cluster
01,1,Vague 1 — printemps 2020,0
02,1,Vague 1 — printemps 2020,0
03,1,Vague 1 — printemps 2020,0
04,1,Vague 1 — printemps 2020,0
05,1,Vague 1 — printemps 2020,0
06,1,Vague 1 — printemps 2020,0
07,1,Vague 1 — printemps 2020,0
08,1,Vague 1 — printemps 2020,0
09,1,Vague 1 — printemps 2020,0
10,1,Vague 1 — printemps 2020,0
11,1,Vague 1 — printemps 2020,0
12,1,Vague 1 — printemps 2020,0
13,1,Vague 1 — printemps 2020,0
14,1,Vague 1 — printemps 2020,0
15,1,Vague 1 — printemps 2020,0
16,1,Vague 1 — printemps 2020,0
17,1,Vague 1 — printemps 2020,0
18,1,Vague 1 — printemps 2020,0
19,1,Vague 1 — printemps 2020,0
21,1,Vague 1 — printemps 2020,0
22,1,Vague 1 — printemps 2020,0
23,1,Vague 1 — printemps 2020,0
24,1,Vague 1 — printemps 2020,0
25,1,Vague 1 — printemps 2020,0
26,1,Vague 1 — printemps 2020,0
27,1,Vague 1 — printemps 2020,0
28,1,Vague 1 — printemps 2020,0
29,1,Vague 1 — printemps 2020,0
2A,1,Vague 1 — printemps 2020,0
2B,1,Vague 1 — printemps 2020,0
30,1,Vague 1 — printemps 2020,0
31,1,Vague 1 — printemps 2020,0
32,1,Vague 1 — printemps 2020,0
33,1,Vague 1 — printemps 2020,0
34,1,Vague 1 — printemps 2020,0
35,1,Vague 1 — printemps 2020,0
36,1,Vague 1 — printemps 2020,0
37,1,Vague 1 — printemps 2020,0
38,1,Vague 1 — printemps 2020,0
39,1,Vague 1 — printemps 2020,0
40,1,Vague 1 — printemps 2020,0
41,1,Vague 1 — printemps 2020,0
42,1,Vague 1 — printemps 2020,0
43,1,Vague 1 — printemps 2020,0
44,1,Vague 1 — printemps 2020,0
45,1,Vague 1 — printemps 2020,0
46,1,Vague 1 — printemps 2020,0
47,1,Vague 1 — printemps 2020,0
48,1,Vague 1 — printemps 2020,0
49,1,Vague 1 — printemps 2020,0
50,1,Vague 1 — printemps 2020,0
51,1,Vague 1 — printemps 2020,0
52,1,Vague 1 — printemps 2020,0
53,1,Vague 1 — printemps 2020,0
54,1,Vague 1 — printemps 2020,0
55,1,Vague 1 — printemps 2020,0
56,1,Vague 1 — printemps 2020,0
57,1,Vague 1 — printemps 2020,0
58,1,Vague 1 — printemps 2020,0
59,1,Vague 1 — printemps 2020,0
60,1,Vague 1 — printemps 2020,0
61,1,Vague 1 — printemps 2020,0
62,1,Vague 1 — printemps 2020,0
63,1,Vague 1 — printemps 2020,0
64,1,Vague 1 — printemps 2020,0
65,1,Vague 1 — printemps 2020,0
66,1,Vague 1 — printemps 2020,0
67,1,Vague 1 — printemps 2020,0
68,1,Vague 1 — printemps 2020,0
69,1,Vague 1 — printemps 2020,0
70,1,Vague 1 — printemps 2020,0
71,1,Vague 1 — printemps 2020,0
72,1,Vague 1 — printemps 2020,0
73,1,Vague 1 — printemps 2020,0
74,1,Vague 1 — printemps 2020,0
75,1,Vague 1 — printemps 2020,0
76,1,Vague 1 — printemps 2020,0
77,1,Vague 1 — printemps 2020,0
78,1,Vague 1 — printemps 2020,0
79,1,Vague 1 — printemps 2020,0
80,1,Vague 1 — printemps 2020,0
81,1,Vague 1 — printemps 2020,0
82,1,Vague 1 — printemps 2020,0
83,1,Vague 1 — printemps 2020,0
84,1,Vague 1 — printemps 2020,0
85,1,Vague 1 — printemps 2020,0
86,1,Vague 1 — printemps 2020,0
87,1,Vague 1 — printemps 2020,0
88,1,Vague 1 — printemps 2020,0
89,1,Vague 1 — printemps 2020,0
90,1,Vague 1 — printemps 2020,0
91,1,Vague 1 — printemps 2020,0
92,1,Vague 1 — printemps 2020,0
93,1,Vague 1 — printemps 2020,0
94,1,Vague 1 — printemps 2020,0
95,1,Vague 1 — printemps 2020,0
971,1,Vague 1 — printemps 2020,0
972,1,Vague 1 — printemps 2020,0
973,1,Vague 1 — printemps 2020,1
974,1,Vague 1 — printemps 2020,0
976,1,Vague 1 — printemps 2020,1
01,2,Vague 2 — automne/hiver 2020,1
02,2,Vague 2 — automne/hiver 2020,1
03,2,Vague 2 — automne/hiver 2020,1
04,2,Vague 2 — automne/hiver 2020,1
05,2,Vague 2 — automne/hiver 2020,1
06,2,Vague 2 — automne/hiver 2020,0
07,2,Vague 2 — automne/hiver 2020,1
08,2,Vague 2 — automne/hiver 2020,1
09,2,Vague 2 — automne/hiver 2020,1
10,2,Vague 2 — automne/hiver 2020,1
11,2,Vague 2 — automne/hiver 2020,1
12,2,Vague 2 — automne/hiver 2020,1
13,2,Vague 2 — automne/hiver 2020,0
14,2,Vague 2 — automne/hiver 2020,1
15,2,Vague 2 — automne/hiver 2020,1
16,2,Vague 2 — automne/hiver 2020,1
17,2,Vague 2 — automne/hiver 2020,1
18,2,Vague 2 — automne/hiver 2020,1
19,2,Vague 2 — automne/hiver 2020,1
21,2,Vague 2 — automne/hiver 2020,1
22,2,Vague 2 — automne/hiver 2020,1
23,2,Vague 2 — automne/hiver 2020,1
24,2,Vague 2 — automne/hiver 2020,1
25,2,Vague 2 — automne/hiver 2020,0
26,2,Vague 2 — automne/hiver 2020,1
27,2,Vague 2 — automne/hiver 2020,1
28,2,Vague 2 — automne/hiver 2020,1
29,2,Vague 2 — automne/hiver 2020,1
2A,2,Vague 2 — automne/hiver 2020,1
2B,2,Vague 2 — automne/hiver 2020,1
30,2,Vague 2 — automne/hiver 2020,0
31,2,Vague 2 — automne/hiver 2020,0
32,2,Vague 2 — automne/hiver 2020,1
33,2,Vague 2 — automne/hiver 2020,0
34,2,Vague 2 — automne/hiver 2020,0
35,2,Vague 2 — automne/hiver 2020,1
36,2,Vague 2 — automne/hiver 2020,1
37,2,Vague 2 — automne/hiver 2020,1
38,2,Vague 2 — automne/hiver 2020,0
39,2,Vague 2 — automne/hiver 2020,1
40,2,Vague 2 — automne/hiver 2020,1
41,2,Vague 2 — automne/hiver 2020,1
42,2,Vague 2 — automne/hiver 2020,1
43,2,Vague 2 — automne/hiver 2020,1
44,2,Vague 2 — automne/hiver 2020,1
45,2,Vague 2 — automne/hiver 2020,0
46,2,Vague 2 — automne/hiver 2020,1
47,2,Vague 2 — automne/hiver 2020,1
48,2,Vague 2 — automne/hiver 2020,1
49,2,Vague 2 — automne/hiver 2020,1
50,2,Vague 2 — automne/hiver 2020,1
51,2,Vague 2 — automne/hiver 2020,1
52,2,Vague 2 — automne/hiver 2020,1
53,2,Vague 2 — automne/hiver 2020,1
54,2,Vague 2 — automne/hiver 2020,1
55,2,Vague 2 — automne/hiver 2020,1
56,2,Vague 2 — automne/hiver 2020,1
57,2,Vague 2 — automne/hiver 2020,1
58,2,Vague 2 — automne/hiver 2020,1
59,2,Vague 2 — automne/hiver 2020,0
60,2,Vague 2 — automne/hiver 2020,1
61,2,Vague 2 — automne/hiver 2020,1
62,2,Vague 2 — automne/hiver 2020,0
63,2,Vague 2 — automne/hiver 2020,1
64,2,Vague 2 — automne/hiver 2020,1
65,2,Vague 2 — automne/hiver 2020,1
66,2,Vague 2 — automne/hiver 2020,1
67,2,Vague 2 — automne/hiver 2020,1
68,2,Vague 2 — automne/hiver 2020,1
69,2,Vague 2 — automne/hiver 2020,0
70,2,Vague 2 — automne/hiver 2020,1
71,2,Vague 2 — automne/hiver 2020,1
72,2,Vague 2 — automne/hiver 2020,1
73,2,Vague 2 — automne/hiver 2020,1
74,2,Vague 2 — automne/hiver 2020,1
75,2,Vague 2 — automne/hiver 2020,0
76,2,Vague 2 — automne/hiver 2020,1
77,2,Vague 2 — automne/hiver 2020,0
78,2,Vague 2 — automne/hiver 2020,0
79,2,Vague 2 — automne/hiver 2020,1
80,2,Vague 2 — automne/hiver 2020,1
81,2,Vague 2 — automne/hiver 2020,1
82,2,Vague 2 — automne/hiver 2020,1
83,2,Vague 2 — automne/hiver 2020,0
84,2,Vague 2 — automne/hiver 2020,1
85,2,Vague 2 — automne/hiver 2020,1
86,2,Vague 2 — automne/hiver 2020,1
87,2,Vague 2 — automne/hiver 2020,1
88,2,Vague 2 — automne/hiver 2020,1
89,2,Vague 2 — automne/hiver 2020,1
90,2,Vague 2 — automne/hiver 2020,1
91,2,Vague 2 — automne/hiver 2020,0
92,2,Vague 2 — automne/hiver 2020,0
93,2,Vague 2 — automne/hiver 2020,0
94,2,Vague 2 — automne/hiver 2020,0
95,2,Vague 2 — automne/hiver 2020,0
971,2,Vague 2 — automne/hiver 2020,0
972,2,Vague 2 — automne/hiver 2020,0
973,2,Vague 2 — automne/hiver 2020,0
974,2,Vague 2 — automne/hiver 2020,0
976,2,Vague 2 — automne/hiver 2020,0
01,3,Vague 3 — printemps 2021 (Alpha),0
02,3,Vague 3 — printemps 2021 (Alpha),0
03,3,Vague 3 — printemps 2021 (Alpha),0
04,3,Vague 3 — printemps 2021 (Alpha),0
05,3,Vague 3 — printemps 2021 (Alpha),0
06,3,Vague 3 — printemps 2021 (Alpha),0
07,3,Vague 3 — printemps 2021 (Alpha),0
08,3,Vague 3 — printemps 2021 (Alpha),0
09,3,Vague 3 — printemps 2021 (Alpha),0
10,3,Vague 3 — printemps 2021 (Alpha),0
11,3,Vague 3 — printemps 2021 (Alpha),0
12,3,Vague 3 — printemps 2021 (Alpha),0
13,3,Vague 3 — printemps 2021 (Alpha),0
14,3,Vague 3 — printemps 2021 (Alpha),0
15,3,Vague 3 — printemps 2021 (Alpha),0
16,3,Vague 3 — printemps 2021 (Alpha),0
17,3,Vague 3 — printemps 2021 (Alpha),0
18,3,Vague 3 — printemps 2021 (Alpha),0
19,3,Vague 3 — printemps 2021 (Alpha),0
21,3,Vague 3 — printemps 2021 (Alpha),0
22,3,Vague 3 — printemps 2021 (Alpha),0
23,3,Vague 3 — printemps 2021 (Alpha),0
24,3,Vague 3 — printemps 2021 (Alpha),0
25,3,Vague 3 — printemps 2021 (Alpha),0
26,3,Vague 3 — printemps 2021 (Alpha),0
27,3,Vague 3 — printemps 2021 (Alpha),0
28,3,Vague 3 — printemps 2021 (Alpha),0
29,3,Vague 3 — printemps 2021 (Alpha),0
2A,3,Vague 3 — printemps 2021 (Alpha),0
2B,3,Vague 3 — printemps 2021 (Alpha),0
30,3,Vague 3 — printemps 2021 (Alpha),0
31,3,Vague 3 — printemps 2021 (Alpha),0
32,3,Vague 3 — printemps 2021 (Alpha),0
33,3,Vague 3 — printemps 2021 (Alpha),0
34,3,Vague 3 — printemps 2021 (Alpha),0
35,3,Vague 3 — printemps 2021 (Alpha),0
36,3,Vague 3 — printemps 2021 (Alpha),0
37,3,Vague 3 — printemps 2021 (Alpha),0
38,3,Vague 3 — printemps 2021 (Alpha),0
39,3,Vague 3 — printemps 2021 (Alpha),0
40,3,Vague 3 — printemps 2021 (Alpha),0
41,3,Vague 3 — printemps 2021 (Alpha),0
42,3,Vague 3 — printemps 2021 (Alpha),0
43,3,Vague 3 — printemps 2021 (Alpha),0
44,3,Vague 3 — printemps 2021 (Alpha),0
45,3,Vague 3 — printemps 2021 (Alpha),0
46,3,Vague 3 — printemps 2021 (Alpha),0
47,3,Vague 3 — printemps 2021 (Alpha),0
48,3,Vague 3 — printemps 2021 (Alpha),0
49,3,Vague 3 — printemps 2021 (Alpha),0
50,3,Vague 3 — printemps 2021 (Alpha),0
51,3,Vague 3 — printemps 2021 (Alpha),0
52,3,Vague 3 — printemps 2021 (Alpha),0
53,3,Vague 3 — printemps 2021 (Alpha),0
54,3,Vague 3 — printemps 2021 (Alpha),0
55,3,Vague 3 — printemps 2021 (Alpha),0
56,3,Vague 3 — printemps 2021 (Alpha),0
57,3,Vague 3 — printemps 2021 (Alpha),0
58,3,Vague 3 — printemps 2021 (Alpha),0
59,3,Vague 3 — printemps 2021 (Alpha),0
60,3,Vague 3 — printemps 2021 (Alpha),0
61,3,Vague 3 — printemps 2021 (Alpha),0
62,3,Vague 3 — printemps 2021 (Alpha),0
63,3,Vague 3 — printemps 2021 (Alpha),0
64,3,Vague 3 — printemps 2021 (Alpha),0
65,3,Vague 3 — printemps 2021 (Alpha),0
66,3,Vague 3 — printemps 2021 (Alpha),0
67,3,Vague 3 — printemps 2021 (Alpha),0
68,3,Vague 3 — printemps 2021 (Alpha),0
69,3,Vague 3 — printemps 2021 (Alpha),0
70,3,Vague 3 — printemps 2021 (Alpha),0
71,3,Vague 3 — printemps 2021 (Alpha),0
72,3,Vague 3 — printemps 2021 (Alpha),0
73,3,Vague 3 — printemps 2021 (Alpha),0
74,3,Vague 3 — printemps 2021 (Alpha),0
75,3,Vague 3 — printemps 2021 (Alpha),0
76,3,Vague 3 — printemps 2021 (Alpha),0
77,3,Vague 3 — printemps 2021 (Alpha),0
78,3,Vague 3 — printemps 2021 (Alpha),0
79,3,Vague 3 — printemps 2021 (Alpha),0
80,3,Vague 3 — printemps 2021 (Alpha),0
81,3,Vague 3 — printemps 2021 (Alpha),0
82,3,Vague 3 — printemps 2021 (Alpha),0
83,3,Vague 3 — printemps 2021 (Alpha),0
84,3,Vague 3 — printemps 2021 (Alpha),0
85,3,Vague 3 — printemps 2021 (Alpha),0
86,3,Vague 3 — printemps 2021 (Alpha),0
87,3,Vague 3 — printemps 2021 (Alpha),0
88,3,Vague 3 — printemps 2021 (Alpha),0
89,3,Vague 3 — printemps 2021 (Alpha),0
90,3,Vague 3 — printemps 2021 (Alpha),0
91,3,Vague 3 — printemps 2021 (Alpha),0
92,3,Vague 3 — printemps 2021 (Alpha),0
93,3,Vague 3 — printemps 2021 (Alpha),0
94,3,Vague 3 — printemps 2021 (Alpha),0
95,3,Vague 3 — printemps 2021 (Alpha),0
971,3,Vague 3 — printemps 2021 (Alpha),0
972,3,Vague 3 — printemps 2021 (Alpha),1
973,3,Vague 3 — printemps 2021 (Alpha),1
974,3,Vague 3 — printemps 2021 (Alpha),1
976,3,Vague 3 — printemps 2021 (Alpha),0
01,4,Vague 4 — été 2021 (Delta),0
02,4,Vague 4 — été 2021 (Delta),0
03,4,Vague 4 — été 2021 (Delta),0
04,4,Vague 4 — été 2021 (Delta),0
05,4,Vague 4 — été 2021 (Delta),0
06,4,Vague 4 — été 2021 (Delta),0
07,4,Vague 4 — été 2021 (Delta),0
08,4,Vague 4 — été 2021 (Delta),0
09,4,Vague 4 — été 2021 (Delta),0
10,4,Vague 4 — été 2021 (Delta),0
11,4,Vague 4 — été 2021 (Delta),0
12,4,Vague 4 — été 2021 (Delta),0
13,4,Vague 4 — été 2021 (Delta),0
14,4,Vague 4 — été 2021 (Delta),0
15,4,Vague 4 — été 2021 (Delta),0
16,4,Vague 4 — été 2021 (Delta),0
17,4,Vague 4 — été 2021 (Delta),0
18,4,Vague 4 — été 2021 (Delta),0
19,4,Vague 4 — été 2021 (Delta),0
21,4,Vague 4 — été 2021 (Delta),0
22,4,Vague 4 — été 2021 (Delta),0
23,4,Vague 4 — été 2021 (Delta),0
24,4,Vague 4 — été 2021 (Delta),0
25,4,Vague 4 — été 2021 (Delta),0
26,4,Vague 4 — été 2021 (Delta),0
27,4,Vague 4 — été 2021 (Delta),0
28,4,Vague 4 — été 2021 (Delta),0
29,4,Vague 4 — été 2021 (Delta),0
2A,4,Vague 4 — été 2021 (Delta),0
2B,4,Vague 4 — été 2021 (Delta),0
30,4,Vague 4 — été 2021 (Delta),0
31,4,Vague 4 — été 2021 (Delta),0
32,4,Vague 4 — été 2021 (Delta),0
33,4,Vague 4 — été 2021 (Delta),0
34,4,Vague 4 — été 2021 (Delta),0
35,4,Vague 4 — été 2021 (Delta),0
36,4,Vague 4 — été 2021 (Delta),0
37,4,Vague 4 — été 2021 (Delta),0
38,4,Vague 4 — été 2021 (Delta),0
39,4,Vague 4 — été 2021 (Delta),0
40,4,Vague 4 — été 2021 (Delta),0
41,4,Vague 4 — été 2021 (Delta),0
42,4,Vague 4 — été 2021 (Delta),0
43,4,Vague 4 — été 2021 (Delta),0
44,4,Vague 4 — été 2021 (Delta),0
45,4,Vague 4 — été 2021 (Delta),0
46,4,Vague 4 — été 2021 (Delta),0
47,4,Vague 4 — été 2021 (Delta),0
48,4,Vague 4 — été 2021 (Delta),0
49,4,Vague 4 — été 2021 (Delta),0
50,4,Vague 4 — été 2021 (Delta),0
51,4,Vague 4 — été 2021 (Delta),0
52,4,Vague 4 — été 2021 (Delta),0
53,4,Vague 4 — été 2021 (Delta),0
54,4,Vague 4 — été 2021 (Delta),0
55,4,Vague 4 — été 2021 (Delta),0
56,4,Vague 4 — été 2021 (Delta),0
57,4,Vague 4 — été 2021 (Delta),0
58,4,Vague 4 — été 2021 (Delta),0
59,4,Vague 4 — été 2021 (Delta),0
60,4,Vague 4 — été 2021 (Delta),0
61,4,Vague 4 — été 2021 (Delta),0
62,4,Vague 4 — été 2021 (Delta),0
63,4,Vague 4 — été 2021 (Delta),0
64,4,Vague 4 — été 2021 (Delta),0
65,4,Vague 4 — été 2021 (Delta),0
66,4,Vague 4 — été 2021 (Delta),0
67,4,Vague 4 — été 2021 (Delta),0
68,4,Vague 4 — été 2021 (Delta),0
69,4,Vague 4 — été 2021 (Delta),0
70,4,Vague 4 — été 2021 (Delta),0
71,4,Vague 4 — été 2021 (Delta),0
72,4,Vague 4 — été 2021 (Delta),0
73,4,Vague 4 — été 2021 (Delta),0
74,4,Vague 4 — été 2021 (Delta),0
75,4,Vague 4 — été 2021 (Delta),0
76,4,Vague 4 — été 2021 (Delta),0
77,4,Vague 4 — été 2021 (Delta),0
78,4,Vague 4 — été 2021 (Delta),0
79,4,Vague 4 — été 2021 (Delta),0
80,4,Vague 4 — été 2021 (Delta),0
81,4,Vague 4 — été 2021 (Delta),0
82,4,Vague 4 — été 2021 (Delta),0
83,4,Vague 4 — été 2021 (Delta),0
84,4,Vague 4 — été 2021 (Delta),0
85,4,Vague 4 — été 2021 (Delta),0
86,4,Vague 4 — été 2021 (Delta),0
87,4,Vague 4 — été 2021 (Delta),0
88,4,Vague 4 — été 2021 (Delta),0
89,4,Vague 4 — été 2021 (Delta),0
90,4,Vague 4 — été 2021 (Delta),0
91,4,Vague 4 — été 2021 (Delta),0
92,4,Vague 4 — été 2021 (Delta),0
93,4,Vague 4 — été 2021 (Delta),0
94,4,Vague 4 — été 2021 (Delta),0
95,4,Vague 4 — été 2021 (Delta),0
971,4,Vague 4 — été 2021 (Delta),1
972,4,Vague 4 — été 2021 (Delta),1
973,4,Vague 4 — été 2021 (Delta),1
974,4,Vague 4 — été 2021 (Delta),0
976,4,Vague 4 — été 2021 (Delta),0
01,5,Vague 5 — hiver 2021/22 (Omicron BA.1),0
02,5,Vague 5 — hiver 2021/22 (Omicron BA.1),0
03,5,Vague 5 — hiver 2021/22 (Omicron BA.1),0
04,5,Vague 5 — hiver 2021/22 (Omicron BA.1),0
05,5,Vague 5 — hiver 2021/22 (Omicron BA.1),0
06,5,Vague 5 — hiver 2021/22 (Omicron BA.1),0
07,5,Vague 5 — hiver 2021/22 (Omicron BA.1),0
08,5,Vague 5 — hiver 2021/22 (Omicron BA.1),0
09,5,Vague 5 — hiver 2021/22 (Omicron BA.1),0
10,5,Vague 5 — hiver 2021/22 (Omicron BA.1),0
11,5,Vague 5 — hiver 2021/22 (Omicron BA.1),0
12,5,Vague 5 — hiver 2021/22 (Omicron BA.1),0
13,5,Vague 5 — hiver 2021/22 (Omicron BA.1),0
14,5,Vague 5 — hiver 2021/22 (Omicron BA.1),0
15,5,Vague 5 — hiver 2021/22 (Omicron BA.1),0
16,5,Vague 5 — hiver 2021/22 (Omicron BA.1),0
17,5,Vague 5 — hiver 2021/22 (Omicron BA.1),0
18,5,Vague 5 — hiver 2021/22 (Omicron BA.1),0
19,5,Vague 5 — hiver 2021/22 (Omicron BA.1),0
21,5,Vague 5 — hiver 2021/22 (Omicron BA.1),0
22,5,Vague 5 — hiver 2021/22 (Omicron BA.1),0
23,5,Vague 5 — hiver 2021/22 (Omicron BA.1),0
24,5,Vague 5 — hiver 2021/22 (Omicron BA.1),0
25,5,Vague 5 — hiver 2021/22 (Omicron BA.1),0
26,5,Vague 5 — hiver 2021/22 (Omicron BA.1),0
27,5,Vague 5 — hiver 2021/22 (Omicron BA.1),0
28,5,Vague 5 — hiver 2021/22 (Omicron BA.1),0
29,5,Vague 5 — hiver 2021/22 (Omicron BA.1),0
2A,5,Vague 5 — hiver 2021/22 (Omicron BA.1),0
2B,5,Vague 5 — hiver 2021/22 (Omicron BA.1),0
30,5,Vague 5 — hiver 2021/22 (Omicron BA.1),0
31,5,Vague 5 — hiver 2021/22 (Omicron BA.1),0
32,5,Vague 5 — hiver 2021/22 (Omicron BA.1),0
33,5,Vague 5 — hiver 2021/22 (Omicron BA.1),0
34,5,Vague 5 — hiver 2021/22 (Omicron BA.1),0
35,5,Vague 5 — hiver 2021/22 (Omicron BA.1),0
36,5,Vague 5 — hiver 2021/22 (Omicron BA.1),0
37,5,Vague 5 — hiver 2021/22 (Omicron BA.1),0
38,5,Vague 5 — hiver 2021/22 (Omicron BA.1),0
39,5,Vague 5 — hiver 2021/22 (Omicron BA.1),0
40,5,Vague 5 — hiver 2021/22 (Omicron BA.1),0
41,5,Vague 5 — hiver 2021/22 (Omicron BA.1),0
42,5,Vague 5 — hiver 2021/22 (Omicron BA.1),0
43,5,Vague 5 — hiver 2021/22 (Omicron BA.1),0
44,5,Vague 5 — hiver 2021/22 (Omicron BA.1),0
45,5,Vague 5 — hiver 2021/22 (Omicron BA.1),0
46,5,Vague 5 — hiver 2021/22 (Omicron BA.1),0
47,5,Vague 5 — hiver 2021/22 (Omicron BA.1),0
48,5,Vague 5 — hiver 2021/22 (Omicron BA.1),0
49,5,Vague 5 — hiver 2021/22 (Omicron BA.1),0
50,5,Vague 5 — hiver 2021/22 (Omicron BA.1),0
51,5,Vague 5 — hiver 2021/22 (Omicron BA.1),0
52,5,Vague 5 — hiver 2021/22 (Omicron BA.1),0
53,5,Vague 5 — hiver 2021/22 (Omicron BA.1),0
54,5,Vague 5 — hiver 2021/22 (Omicron BA.1),0
55,5,Vague 5 — hiver 2021/22 (Omicron BA.1),0
56,5,Vague 5 — hiver 2021/22 (Omicron BA.1),0
57,5,Vague 5 — hiver 2021/22 (Omicron BA.1),0
58,5,Vague 5 — hiver 2021/22 (Omicron BA.1),0
59,5,Vague 5 — hiver 2021/22 (Omicron BA.1),0
60,5,Vague 5 — hiver 2021/22 (Omicron BA.1),0
61,5,Vague 5 — hiver 2021/22 (Omicron BA.1),0
62,5,Vague 5 — hiver 2021/22 (Omicron BA.1),0
63,5,Vague 5 — hiver 2021/22 (Omicron BA.1),0
64,5,Vague 5 — hiver 2021/22 (Omicron BA.1),0
65,5,Vague 5 — hiver 2021/22 (Omicron BA.1),0
66,5,Vague 5 — hiver 2021/22 (Omicron BA.1),0
67,5,Vague 5 — hiver 2021/22 (Omicron BA.1),0
68,5,Vague 5 — hiver 2021/22 (Omicron BA.1),0
69,5,Vague 5 — hiver 2021/22 (Omicron BA.1),0
70,5,Vague 5 — hiver 2021/22 (Omicron BA.1),0
71,5,Vague 5 — hiver 2021/22 (Omicron BA.1),0
72,5,Vague 5 — hiver 2021/22 (Omicron BA.1),0
73,5,Vague 5 — hiver 2021/22 (Omicron BA.1),0
74,5,Vague 5 — hiver 2021/22 (Omicron BA.1),0
75,5,Vague 5 — hiver 2021/22 (Omicron BA.1),0
76,5,Vague 5 — hiver 2021/22 (Omicron BA.1),0
77,5,Vague 5 — hiver 2021/22 (Omicron BA.1),0
78,5,Vague 5 — hiver 2021/22 (Omicron BA.1),0
79,5,Vague 5 — hiver 2021/22 (Omicron BA.1),0
80,5,Vague 5 — hiver 2021/22 (Omicron BA.1),0
81,5,Vague 5 — hiver 2021/22 (Omicron BA.1),0
82,5,Vague 5 — hiver 2021/22 (Omicron BA.1),0
83,5,Vague 5 — hiver 2021/22 (Omicron BA.1),0
84,5,Vague 5 — hiver 2021/22 (Omicron BA.1),0
85,5,Vague 5 — hiver 2021/22 (Omicron BA.1),0
86,5,Vague 5 — hiver 2021/22 (Omicron BA.1),0
87,5,Vague 5 — hiver 2021/22 (Omicron BA.1),0
88,5,Vague 5 — hiver 2021/22 (Omicron BA.1),0
89,5,Vague 5 — hiver 2021/22 (Omicron BA.1),0
90,5,Vague 5 — hiver 2021/22 (Omicron BA.1),0
91,5,Vague 5 — hiver 2021/22 (Omicron BA.1),0
92,5,Vague 5 — hiver 2021/22 (Omicron BA.1),0
93,5,Vague 5 — hiver 2021/22 (Omicron BA.1),0
94,5,Vague 5 — hiver 2021/22 (Omicron BA.1),0
95,5,Vague 5 — hiver 2021/22 (Omicron BA.1),0
971,5,Vague 5 — hiver 2021/22 (Omicron BA.1),1
972,5,Vague 5 — hiver 2021/22 (Omicron BA.1),1
973,5,Vague 5 — hiver 2021/22 (Omicron BA.1),1
974,5,Vague 5 — hiver 2021/22 (Omicron BA.1),0
976,5,Vague 5 — hiver 2021/22 (Omicron BA.1),1
01,6,Vague 6 — printemps 2022 (Omicron BA.2/BA.5),0
02,6,Vague 6 — printemps 2022 (Omicron BA.2/BA.5),0
03,6,Vague 6 — printemps 2022 (Omicron BA.2/BA.5),0
04,6,Vague 6 — printemps 2022 (Omicron BA.2/BA.5),0
05,6,Vague 6 — printemps 2022 (Omicron BA.2/BA.5),0
06,6,Vague 6 — printemps 2022 (Omicron BA.2/BA.5),0
07,6,Vague 6 — printemps 2022 (Omicron BA.2/BA.5),0
08,6,Vague 6 — printemps 2022 (Omicron BA.2/BA.5),0
09,6,Vague 6 — printemps 2022 (Omicron BA.2/BA.5),0
10,6,Vague 6 — printemps 2022 (Omicron BA.2/BA.5),0
11,6,Vague 6 — printemps 2022 (Omicron BA.2/BA.5),0
12,6,Vague 6 — printemps 2022 (Omicron BA.2/BA.5),0
13,6,Vague 6 — printemps 2022 (Omicron BA.2/BA.5),0
14,6,Vague 6 — printemps 2022 (Omicron BA.2/BA.5),0
15,6,Vague 6 — printemps 2022 (Omicron BA.2/BA.5),0
16,6,Vague 6 — printemps 2022 (Omicron BA.2/BA.5),0
17,6,Vague 6 — printemps 2022 (Omicron BA.2/BA.5),0
18,6,Vague 6 — printemps 2022 (Omicron BA.2/BA.5),0
19,6,Vague 6 — printemps 2022 (Omicron BA.2/BA.5),0
21,6,Vague 6 — printemps 2022 (Omicron BA.2/BA.5),0
22,6,Vague 6 — printemps 2022 (Omicron BA.2/BA.5),0
23,6,Vague 6 — printemps 2022 (Omicron BA.2/BA.5),0
24,6,Vague 6 — printemps 2022 (Omicron BA.2/BA.5),0
25,6,Vague 6 — printemps 2022 (Omicron BA.2/BA.5),0
26,6,Vague 6 — printemps 2022 (Omicron BA.2/BA.5),0
27,6,Vague 6 — printemps 2022 (Omicron BA.2/BA.5),0
28,6,Vague 6 — printemps 2022 (Omicron BA.2/BA.5),0
29,6,Vague 6 — printemps 2022 (Omicron BA.2/BA.5),0
2A,6,Vague 6 — printemps 2022 (Omicron BA.2/BA.5),0
2B,6,Vague 6 — printemps 2022 (Omicron BA.2/BA.5),0
30,6,Vague 6 — printemps 2022 (Omicron BA.2/BA.5),0
31,6,Vague 6 — printemps 2022 (Omicron BA.2/BA.5),0
32,6,Vague 6 — printemps 2022 (Omicron BA.2/BA.5),0
33,6,Vague 6 — printemps 2022 (Omicron BA.2/BA.5),0
34,6,Vague 6 — printemps 2022 (Omicron BA.2/BA.5),0
35,6,Vague 6 — printemps 2022 (Omicron BA.2/BA.5),0
36,6,Vague 6 — printemps 2022 (Omicron BA.2/BA.5),0
37,6,Vague 6 — printemps 2022 (Omicron BA.2/BA.5),0
38,6,Vague 6 — printemps 2022 (Omicron BA.2/BA.5),0
39,6,Vague 6 — printemps 2022 (Omicron BA.2/BA.5),0
40,6,Vague 6 — printemps 2022 (Omicron BA.2/BA.5),0
41,6,Vague 6 — printemps 2022 (Omicron BA.2/BA.5),0
42,6,Vague 6 — printemps 2022 (Omicron BA.2/BA.5),0
43,6,Vague 6 — printemps 2022 (Omicron BA.2/BA.5),0
44,6,Vague 6 — printemps 2022 (Omicron BA.2/BA.5),0
45,6,Vague 6 — printemps 2022 (Omicron BA.2/BA.5),0
46,6,Vague 6 — printemps 2022 (Omicron BA.2/BA.5),0
47,6,Vague 6 — printemps 2022 (Omicron BA.2/BA.5),0
48,6,Vague 6 — printemps 2022 (Omicron BA.2/BA.5),0
49,6,Vague 6 — printemps 2022 (Omicron BA.2/BA.5),0
50,6,Vague 6 — printemps 2022 (Omicron BA.2/BA.5),0
51,6,Vague 6 — printemps 2022 (Omicron BA.2/BA.5),0
52,6,Vague 6 — printemps 2022 (Omicron BA.2/BA.5),0
53,6,Vague 6 — printemps 2022 (Omicron BA.2/BA.5),0
54,6,Vague 6 — printemps 2022 (Omicron BA.2/BA.5),0
55,6,Vague 6 — printemps 2022 (Omicron BA.2/BA.5),0
56,6,Vague 6 — printemps 2022 (Omicron BA.2/BA.5),0
57,6,Vague 6 — printemps 2022 (Omicron BA.2/BA.5),0
58,6,Vague 6 — printemps 2022 (Omicron BA.2/BA.5),0
59,6,Vague 6 — printemps 2022 (Omicron BA.2/BA.5),0
60,6,Vague 6 — printemps 2022 (Omicron BA.2/BA.5),0
61,6,Vague 6 — printemps 2022 (Omicron BA.2/BA.5),0
62,6,Vague 6 — printemps 2022 (Omicron BA.2/BA.5),0
63,6,Vague 6 — printemps 2022 (Omicron BA.2/BA.5),0
64,6,Vague 6 — printemps 2022 (Omicron BA.2/BA.5),0
65,6,Vague 6 — printemps 2022 (Omicron BA.2/BA.5),0
66,6,Vague 6 — printemps 2022 (Omicron BA.2/BA.5),0
67,6,Vague 6 — printemps 2022 (Omicron BA.2/BA.5),0
68,6,Vague 6 — printemps 2022 (Omicron BA.2/BA.5),0
69,6,Vague 6 — printemps 2022 (Omicron BA.2/BA.5),0
70,6,Vague 6 — printemps 2022 (Omicron BA.2/BA.5),0
71,6,Vague 6 — printemps 2022 (Omicron BA.2/BA.5),0
72,6,Vague 6 — printemps 2022 (Omicron BA.2/BA.5),0
73,6,Vague 6 — printemps 2022 (Omicron BA.2/BA.5),0
74,6,Vague 6 — printemps 2022 (Omicron BA.2/BA.5),0
75,6,Vague 6 — printemps 2022 (Omicron BA.2/BA.5),0
76,6,Vague 6 — printemps 2022 (Omicron BA.2/BA.5),0
77,6,Vague 6 — printemps 2022 (Omicron BA.2/BA.5),0
78,6,Vague 6 — printemps 2022 (Omicron BA.2/BA.5),0
79,6,Vague 6 — printemps 2022 (Omicron BA.2/BA.5),0
80,6,Vague 6 — printemps 2022 (Omicron BA.2/BA.5),0
81,6,Vague 6 — printemps 2022 (Omicron BA.2/BA.5),0
82,6,Vague 6 — printemps 2022 (Omicron BA.2/BA.5),0
83,6,Vague 6 — printemps 2022 (Omicron BA.2/BA.5),0
84,6,Vague 6 — printemps 2022 (Omicron BA.2/BA.5),0
85,6,Vague 6 — printemps 2022 (Omicron BA.2/BA.5),0
86,6,Vague 6 — printemps 2022 (Omicron BA.2/BA.5),0
87,6,Vague 6 — printemps 2022 (Omicron BA.2/BA.5),0
88,6,Vague 6 — printemps 2022 (Omicron BA.2/BA.5),0
89,6,Vague 6 — printemps 2022 (Omicron BA.2/BA.5),0
90,6,Vague 6 — printemps 2022 (Omicron BA.2/BA.5),0
91,6,Vague 6 — printemps 2022 (Omicron BA.2/BA.5),0
92,6,Vague 6 — printemps 2022 (Omicron BA.2/BA.5),0
93,6,Vague 6 — printemps 2022 (Omicron BA.2/BA.5),0
94,6,Vague 6 — printemps 2022 (Omicron BA.2/BA.5),0
95,6,Vague 6 — printemps 2022 (Omicron BA.2/BA.5),0
971,6,Vague 6 — printemps 2022 (Omicron BA.2/BA.5),1
972,6,Vague 6 — printemps 2022 (Omicron BA.2/BA.5),1
973,6,Vague 6 — printemps 2022 (Omicron BA.2/BA.5),1
974,6,Vague 6 — printemps 2022 (Omicron BA.2/BA.5),1
976,6,Vague 6 — printemps 2022 (Omicron BA.2/BA.5),1
01,7,Vague 7 — hiver 2022/23,0
02,7,Vague 7 — hiver 2022/23,0
03,7,Vague 7 — hiver 2022/23,0
04,7,Vague 7 — hiver 2022/23,0
05,7,Vague 7 — hiver 2022/23,0
06,7,Vague 7 — hiver 2022/23,0
07,7,Vague 7 — hiver 2022/23,0
08,7,Vague 7 — hiver 2022/23,0
09,7,Vague 7 — hiver 2022/23,0
10,7,Vague 7 — hiver 2022/23,0
11,7,Vague 7 — hiver 2022/23,0
12,7,Vague 7 — hiver 2022/23,0
13,7,Vague 7 — hiver 2022/23,0
14,7,Vague 7 — hiver 2022/23,0
15,7,Vague 7 — hiver 2022/23,0
16,7,Vague 7 — hiver 2022/23,0
17,7,Vague 7 — hiver 2022/23,0
18,7,Vague 7 — hiver 2022/23,0
19,7,Vague 7 — hiver 2022/23,0
21,7,Vague 7 — hiver 2022/23,0
22,7,Vague 7 — hiver 2022/23,0
23,7,Vague 7 — hiver 2022/23,0
24,7,Vague 7 — hiver 2022/23,0
25,7,Vague 7 — hiver 2022/23,0
26,7,Vague 7 — hiver 2022/23,0
27,7,Vague 7 — hiver 2022/23,0
28,7,Vague 7 — hiver 2022/23,0
29,7,Vague 7 — hiver 2022/23,0
2A,7,Vague 7 — hiver 2022/23,0
2B,7,Vague 7 — hiver 2022/23,0
30,7,Vague 7 — hiver 2022/23,0
31,7,Vague 7 — hiver 2022/23,0
32,7,Vague 7 — hiver 2022/23,0
33,7,Vague 7 — hiver 2022/23,0
34,7,Vague 7 — hiver 2022/23,0
35,7,Vague 7 — hiver 2022/23,0
36,7,Vague 7 — hiver 2022/23,0
37,7,Vague 7 — hiver 2022/23,0
38,7,Vague 7 — hiver 2022/23,0
39,7,Vague 7 — hiver 2022/23,0
40,7,Vague 7 — hiver 2022/23,0
41,7,Vague 7 — hiver 2022/23,0
42,7,Vague 7 — hiver 2022/23,0
43,7,Vague 7 — hiver 2022/23,0
44,7,Vague 7 — hiver 2022/23,0
45,7,Vague 7 — hiver 2022/23,0
46,7,Vague 7 — hiver 2022/23,0
47,7,Vague 7 — hiver 2022/23,0
48,7,Vague 7 — hiver 2022/23,0
49,7,Vague 7 — hiver 2022/23,0
50,7,Vague 7 — hiver 2022/23,0
51,7,Vague 7 — hiver 2022/23,0
52,7,Vague 7 — hiver 2022/23,0
53,7,Vague 7 — hiver 2022/23,0
54,7,Vague 7 — hiver 2022/23,0
55,7,Vague 7 — hiver 2022/23,0
56,7,Vague 7 — hiver 2022/23,0
57,7,Vague 7 — hiver 2022/23,0
58,7,Vague 7 — hiver 2022/23,0
59,7,Vague 7 — hiver 2022/23,0
60,7,Vague 7 — hiver 2022/23,0
61,7,Vague 7 — hiver 2022/23,0
62,7,Vague 7 — hiver 2022/23,0
63,7,Vague 7 — hiver 2022/23,0
64,7,Vague 7 — hiver 2022/23,0
65,7,Vague 7 — hiver 2022/23,0
66,7,Vague 7 — hiver 2022/23,0
67,7,Vague 7 — hiver 2022/23,0
68,7,Vague 7 — hiver 2022/23,0
69,7,Vague 7 — hiver 2022/23,0
70,7,Vague 7 — hiver 2022/23,0
71,7,Vague 7 — hiver 2022/23,0
72,7,Vague 7 — hiver 2022/23,0
73,7,Vague 7 — hiver 2022/23,0
74,7,Vague 7 — hiver 2022/23,0
75,7,Vague 7 — hiver 2022/23,0
76,7,Vague 7 — hiver 2022/23,0
77,7,Vague 7 — hiver 2022/23,0
78,7,Vague 7 — hiver 2022/23,0
79,7,Vague 7 — hiver 2022/23,0
80,7,Vague 7 — hiver 2022/23,0
81,7,Vague 7 — hiver 2022/23,0
82,7,Vague 7 — hiver 2022/23,0
83,7,Vague 7 — hiver 2022/23,0
84,7,Vague 7 — hiver 2022/23,0
85,7,Vague 7 — hiver 2022/23,0
86,7,Vague 7 — hiver 2022/23,0
87,7,Vague 7 — hiver 2022/23,0
88,7,Vague 7 — hiver 2022/23,0
89,7,Vague 7 — hiver 2022/23,0
90,7,Vague 7 — hiver 2022/23,0
91,7,Vague 7 — hiver 2022/23,0
92,7,Vague 7 — hiver 2022/23,0
93,7,Vague 7 — hiver 2022/23,0
94,7,Vague 7 — hiver 2022/23,0
95,7,Vague 7 — hiver 2022/23,0
971,7,Vague 7 — hiver 2022/23,1
972,7,Vague 7 — hiver 2022/23,1
973,7,Vague 7 — hiver 2022/23,1
974,7,Vague 7 — hiver 2022/23,0
976,7,Vague 7 — hiver 2022/23,1
