date_reference,semaine_injection,code_categorie,libelle_categorie,effectif_inj_categorie,effectif_inj_toutes_categories,part_categorie,effectif_cumu_inj_categorie,effectif_cumu_inj_ttes_categorie,part_cumu_categorie,categorie,date
2023-01-01,2020-52,1,Médecin Généraliste libéral,60,340,0.173,60,340,0.173,1 - Médecin Généraliste libéral,2021-01-03
2023-01-01,2020-52,2,Spécialiste libéral,,340,,,340,,2 - Spécialiste libéral,2021-01-03
2023-01-01,2020-52,3,Médecin salarié,40,340,0.113,40,340,0.113,3 - Médecin salarié,2021-01-03
2023-01-01,2020-52,4,Pharmacien,230,340,0.693,230,340,0.693,4 - Pharmacien,2021-01-03
2023-01-01,2020-52,5,Infirmier libéral,,340,,,340,,5 - Infirmier libéral,2021-01-03
2023-01-01,2020-52,6,Infirmier salarié,,340,,,340,,6 - Infirmier salarié,2021-01-03
2023-01-01,2020-52,7,Autre,,340,,,340,,7 - Autre,2021-01-03
2023-01-01,2020-53,1,Médecin Généraliste libéral,200,1610,0.123,260,1940,0.132,1 - Médecin Généraliste libéral,2021-01-10
2023-01-01,2020-53,2,Spécialiste libéral,20,1610,0.012,20,1940,0.011,2 - Spécialiste libéral,2021-01-10
2023-01-01,2020-53,3,Médecin salarié,480,1610,0.301,520,1940,0.269,3 - Médecin salarié,2021-01-10
2023-01-01,2020-53,4,Pharmacien,820,1610,0.51,1050,1940,0.541,4 - Pharmacien,2021-01-10
2023-01-01,2020-53,5,Infirmier libéral,50,1610,0.029,50,1940,0.027,5 - Infirmier libéral,2021-01-10
2023-01-01,2020-53,6,Infirmier salarié,20,1610,0.013,20,1940,0.011,6 - Infirmier salarié,2021-01-10
2023-01-01,2020-53,7,Autre,20,1610,0.011,20,1940,0.009,7 - Autre,2021-01-10
2023-01-01,2021-01,1,Médecin Généraliste libéral,8690,43200,0.201,8940,45140,0.198,1 - Médecin Généraliste libéral,2021-01-10
2023-01-01,2021-01,2,Spécialiste libéral,1280,43200,0.03,1300,45140,0.029,2 - Spécialiste libéral,2021-01-10
2023-01-01,2021-01,3,Médecin salarié,31520,43200,0.73,32050,45140,0.71,3 - Médecin salarié,2021-01-10
2023-01-01,2021-01,4,Pharmacien,830,43200,0.019,1880,45140,0.042,4 - Pharmacien,2021-01-10
2023-01-01,2021-01,5,Infirmier libéral,20,43200,0.001,80,45140,0.002,5 - Infirmier libéral,2021-01-10
2023-01-01,2021-01,6,Infirmier salarié,420,43200,0.01,440,45140,0.01,6 - Infirmier salarié,2021-01-10
2023-01-01,2021-01,7,Autre,440,43200,0.01,450,45140,0.01,7 - Autre,2021-01-10
2023-01-01,2021-02,1,Médecin Généraliste libéral,41130,157090,0.262,50080,202240,0.248,1 - Médecin Généraliste libéral,2021-01-17
2023-01-01,2021-02,2,Spécialiste libéral,4510,157090,0.029,5820,202240,0.029,2 - Spécialiste libéral,2021-01-17
2023-01-01,2021-02,3,Médecin salarié,107930,157090,0.687,139970,202240,0.692,3 - Médecin salarié,2021-01-17
2023-01-01,2021-02,4,Pharmacien,1390,157090,0.009,3270,202240,0.016,4 - Pharmacien,2021-01-17
2023-01-01,2021-02,5,Infirmier libéral,170,157090,0.001,250,202240,0.001,5 - Infirmier libéral,2021-01-17
2023-01-01,2021-02,6,Infirmier salarié,1080,157090,0.007,1530,202240,0.008,6 - Infirmier salarié,2021-01-17
2023-01-01,2021-02,7,Autre,880,157090,0.006,1330,202240,0.007,7 - Autre,2021-01-17
2023-01-01,2021-03,1,Médecin Généraliste libéral,107500,284820,0.377,157580,487050,0.324,1 - Médecin Généraliste libéral,2021-01-24
2023-01-01,2021-03,2,Spécialiste libéral,3960,284820,0.014,9780,487050,0.02,2 - Spécialiste libéral,2021-01-24
2023-01-01,2021-03,3,Médecin salarié,165830,284820,0.582,305810,487050,0.628,3 - Médecin salarié,2021-01-24
2023-01-01,2021-03,4,Pharmacien,2240,284820,0.008,5500,487050,0.011,4 - Pharmacien,2021-01-24
2023-01-01,2021-03,5,Infirmier libéral,620,284820,0.002,870,487050,0.002,5 - Infirmier libéral,2021-01-24
2023-01-01,2021-03,6,Infirmier salarié,3590,284820,0.013,5110,487050,0.01,6 - Infirmier salarié,2021-01-24
2023-01-01,2021-03,7,Autre,1080,284820,0.004,2410,487050,0.005,7 - Autre,2021-01-24
2023-01-01,2021-04,1,Médecin Généraliste libéral,83300,222740,0.374,240880,709790,0.339,1 - Médecin Généraliste libéral,2021-01-31
2023-01-01,2021-04,2,Spécialiste libéral,3020,222740,0.014,12790,709790,0.018,2 - Spécialiste libéral,2021-01-31
2023-01-01,2021-04,3,Médecin salarié,130600,222740,0.586,436410,709790,0.615,3 - Médecin salarié,2021-01-31
2023-01-01,2021-04,4,Pharmacien,2110,222740,0.009,7610,709790,0.011,4 - Pharmacien,2021-01-31
2023-01-01,2021-04,5,Infirmier libéral,480,222740,0.002,1350,709790,0.002,5 - Infirmier libéral,2021-01-31
2023-01-01,2021-04,6,Infirmier salarié,2180,222740,0.01,7290,709790,0.01,6 - Infirmier salarié,2021-01-31
2023-01-01,2021-04,7,Autre,1060,222740,0.005,3470,709790,0.005,7 - Autre,2021-01-31
2023-01-01,2021-05,1,Médecin Généraliste libéral,69970,221510,0.316,310840,931300,0.334,1 - Médecin Généraliste libéral,2021-02-07
2023-01-01,2021-05,2,Spécialiste libéral,3800,221510,0.017,16590,931300,0.018,2 - Spécialiste libéral,2021-02-07
2023-01-01,2021-05,3,Médecin salarié,141120,221510,0.637,577530,931300,0.62,3 - Médecin salarié,2021-02-07
2023-01-01,2021-05,4,Pharmacien,2150,221510,0.01,9760,931300,0.01,4 - Pharmacien,2021-02-07
2023-01-01,2021-05,5,Infirmier libéral,590,221510,0.003,1940,931300,0.002,5 - Infirmier libéral,2021-02-07
2023-01-01,2021-05,6,Infirmier salarié,2950,221510,0.013,10240,931300,0.011,6 - Infirmier salarié,2021-02-07
2023-01-01,2021-05,7,Autre,930,221510,0.004,4390,931300,0.005,7 - Autre,2021-02-07
2023-01-01,2021-06,1,Médecin Généraliste libéral,124620,355440,0.351,435460,1286740,0.338,1 - Médecin Généraliste libéral,2021-02-14
2023-01-01,2021-06,2,Spécialiste libéral,6140,355440,0.017,22730,1286740,0.018,2 - Spécialiste libéral,2021-02-14
2023-01-01,2021-06,3,Médecin salarié,212670,355440,0.598,790200,1286740,0.614,3 - Médecin salarié,2021-02-14
2023-01-01,2021-06,4,Pharmacien,3430,355440,0.01,13190,1286740,0.01,4 - Pharmacien,2021-02-14
2023-01-01,2021-06,5,Infirmier libéral,900,355440,0.003,2830,1286740,0.002,5 - Infirmier libéral,2021-02-14
2023-01-01,2021-06,6,Infirmier salarié,5220,355440,0.015,15460,1286740,0.012,6 - Infirmier salarié,2021-02-14
2023-01-01,2021-06,7,Autre,2480,355440,0.007,6870,1286740,0.005,7 - Autre,2021-02-14
2023-01-01,2021-07,1,Médecin Généraliste libéral,105110,289020,0.364,540570,1575760,0.343,1 - Médecin Généraliste libéral,2021-02-21
2023-01-01,2021-07,2,Spécialiste libéral,5960,289020,0.021,28690,1575760,0.018,2 - Spécialiste libéral,2021-02-21
2023-01-01,2021-07,3,Médecin salarié,167550,289020,0.58,957740,1575760,0.608,3 - Médecin salarié,2021-02-21
2023-01-01,2021-07,4,Pharmacien,3160,289020,0.011,16350,1575760,0.01,4 - Pharmacien,2021-02-21
2023-01-01,2021-07,5,Infirmier libéral,930,289020,0.003,3760,1575760,0.002,5 - Infirmier libéral,2021-02-21
2023-01-01,2021-07,6,Infirmier salarié,4410,289020,0.015,19870,1575760,0.013,6 - Infirmier salarié,2021-02-21
2023-01-01,2021-07,7,Autre,1910,289020,0.007,8780,1575760,0.006,7 - Autre,2021-02-21
2023-01-01,2021-08,1,Médecin Généraliste libéral,177040,305610,0.579,717610,1881370,0.381,1 - Médecin Généraliste libéral,2021-02-28
2023-01-01,2021-08,2,Spécialiste libéral,5460,305610,0.018,34140,1881370,0.018,2 - Spécialiste libéral,2021-02-28
2023-01-01,2021-08,3,Médecin salarié,113740,305610,0.372,1071480,1881370,0.57,3 - Médecin salarié,2021-02-28
2023-01-01,2021-08,4,Pharmacien,3430,305610,0.011,19770,1881370,0.011,4 - Pharmacien,2021-02-28
2023-01-01,2021-08,5,Infirmier libéral,1750,305610,0.006,5510,1881370,0.003,5 - Infirmier libéral,2021-02-28
2023-01-01,2021-08,6,Infirmier salarié,3420,305610,0.011,23290,1881370,0.012,6 - Infirmier salarié,2021-02-28
2023-01-01,2021-08,7,Autre,780,305610,0.003,9560,1881370,0.005,7 - Autre,2021-02-28
2023-01-01,2021-09,1,Médecin Généraliste libéral,360460,508400,0.709,1078070,2389770,0.451,1 - Médecin Généraliste libéral,2021-03-07
2023-01-01,2021-09,2,Spécialiste libéral,8420,508400,0.017,42560,2389770,0.018,2 - Spécialiste libéral,2021-03-07
2023-01-01,2021-09,3,Médecin salarié,125770,508400,0.247,1197260,2389770,0.501,3 - Médecin salarié,2021-03-07
2023-01-01,2021-09,4,Pharmacien,5710,508400,0.011,25490,2389770,0.011,4 - Pharmacien,2021-03-07
2023-01-01,2021-09,5,Infirmier libéral,3680,508400,0.007,9190,2389770,0.004,5 - Infirmier libéral,2021-03-07
2023-01-01,2021-09,6,Infirmier salarié,3630,508400,0.007,26910,2389770,0.011,6 - Infirmier salarié,2021-03-07
2023-01-01,2021-09,7,Autre,720,508400,0.001,10290,2389770,0.004,7 - Autre,2021-03-07
2023-01-01,2021-10,1,Médecin Généraliste libéral,553110,720770,0.767,1631180,3110540,0.524,1 - Médecin Généraliste libéral,2021-03-14
2023-01-01,2021-10,2,Spécialiste libéral,10510,720770,0.015,53070,3110540,0.017,2 - Spécialiste libéral,2021-03-14
2023-01-01,2021-10,3,Médecin salarié,135270,720770,0.188,1332530,3110540,0.428,3 - Médecin salarié,2021-03-14
2023-01-01,2021-10,4,Pharmacien,12080,720770,0.017,37570,3110540,0.012,4 - Pharmacien,2021-03-14
2023-01-01,2021-10,5,Infirmier libéral,5890,720770,0.008,15080,3110540,0.005,5 - Infirmier libéral,2021-03-14
2023-01-01,2021-10,6,Infirmier salarié,3480,720770,0.005,30390,3110540,0.01,6 - Infirmier salarié,2021-03-14
2023-01-01,2021-10,7,Autre,440,720770,0.001,10730,3110540,0.003,7 - Autre,2021-03-14
2023-01-01,2021-11,1,Médecin Généraliste libéral,180940,294960,0.613,1812120,3405500,0.532,1 - Médecin Généraliste libéral,2021-03-21
2023-01-01,2021-11,2,Spécialiste libéral,4690,294960,0.016,57770,3405500,0.017,2 - Spécialiste libéral,2021-03-21
2023-01-01,2021-11,3,Médecin salarié,76790,294960,0.26,1409310,3405500,0.414,3 - Médecin salarié,2021-03-21
2023-01-01,2021-11,4,Pharmacien,27200,294960,0.092,64770,3405500,0.019,4 - Pharmacien,2021-03-21
2023-01-01,2021-11,5,Infirmier libéral,3400,294960,0.012,18480,3405500,0.005,5 - Infirmier libéral,2021-03-21
2023-01-01,2021-11,6,Infirmier salarié,1840,294960,0.006,32220,3405500,0.009,6 - Infirmier salarié,2021-03-21
2023-01-01,2021-11,7,Autre,110,294960,0.0,10830,3405500,0.003,7 - Autre,2021-03-21
2023-01-01,2021-12,1,Médecin Généraliste libéral,389290,653780,0.595,2201410,4059280,0.542,1 - Médecin Généraliste libéral,2021-03-28
2023-01-01,2021-12,2,Spécialiste libéral,5620,653780,0.009,63380,4059280,0.016,2 - Spécialiste libéral,2021-03-28
2023-01-01,2021-12,3,Médecin salarié,85730,653780,0.131,1495040,4059280,0.368,3 - Médecin salarié,2021-03-28
2023-01-01,2021-12,4,Pharmacien,163160,653780,0.25,227930,4059280,0.056,4 - Pharmacien,2021-03-28
2023-01-01,2021-12,5,Infirmier libéral,7120,653780,0.011,25590,4059280,0.006,5 - Infirmier libéral,2021-03-28
2023-01-01,2021-12,6,Infirmier salarié,2590,653780,0.004,34810,4059280,0.009,6 - Infirmier salarié,2021-03-28
2023-01-01,2021-12,7,Autre,280,653780,0.0,11120,4059280,0.003,7 - Autre,2021-03-28
2023-01-01,2021-13,1,Médecin Généraliste libéral,276990,568980,0.487,2478400,4628250,0.535,1 - Médecin Généraliste libéral,2021-04-04
2023-01-01,2021-13,2,Spécialiste libéral,5780,568980,0.01,69160,4628250,0.015,2 - Spécialiste libéral,2021-04-04
2023-01-01,2021-13,3,Médecin salarié,120180,568980,0.211,1615220,4628250,0.349,3 - Médecin salarié,2021-04-04
2023-01-01,2021-13,4,Pharmacien,154390,568980,0.271,382320,4628250,0.083,4 - Pharmacien,2021-04-04
2023-01-01,2021-13,5,Infirmier libéral,7590,568980,0.013,33180,4628250,0.007,5 - Infirmier libéral,2021-04-04
2023-01-01,2021-13,6,Infirmier salarié,3930,568980,0.007,38740,4628250,0.008,6 - Infirmier salarié,2021-04-04
2023-01-01,2021-13,7,Autre,120,568980,0.0,11230,4628250,0.002,7 - Autre,2021-04-04
2023-01-01,2021-14,1,Médecin Généraliste libéral,270220,552200,0.489,2748620,5180450,0.531,1 - Médecin Généraliste libéral,2021-04-11
2023-01-01,2021-14,2,Spécialiste libéral,6620,552200,0.012,75780,5180450,0.015,2 - Spécialiste libéral,2021-04-11
2023-01-01,2021-14,3,Médecin salarié,106070,552200,0.192,1721290,5180450,0.332,3 - Médecin salarié,2021-04-11
2023-01-01,2021-14,4,Pharmacien,147660,552200,0.267,529980,5180450,0.102,4 - Pharmacien,2021-04-11
2023-01-01,2021-14,5,Infirmier libéral,15990,552200,0.029,49170,5180450,0.009,5 - Infirmier libéral,2021-04-11
2023-01-01,2021-14,6,Infirmier salarié,5290,552200,0.01,44040,5180450,0.009,6 - Infirmier salarié,2021-04-11
2023-01-01,2021-14,7,Autre,350,552200,0.001,11580,5180450,0.002,7 - Autre,2021-04-11
2023-01-01,2021-15,1,Médecin Généraliste libéral,268890,622320,0.432,3017500,5802780,0.52,1 - Médecin Généraliste libéral,2021-04-18
2023-01-01,2021-15,2,Spécialiste libéral,5210,622320,0.008,81000,5802780,0.014,2 - Spécialiste libéral,2021-04-18
2023-01-01,2021-15,3,Médecin salarié,107250,622320,0.172,1828530,5802780,0.315,3 - Médecin salarié,2021-04-18
2023-01-01,2021-15,4,Pharmacien,206730,622320,0.332,736710,5802780,0.127,4 - Pharmacien,2021-04-18
2023-01-01,2021-15,5,Infirmier libéral,26010,622320,0.042,75180,5802780,0.013,5 - Infirmier libéral,2021-04-18
2023-01-01,2021-15,6,Infirmier salarié,7780,622320,0.013,51820,5802780,0.009,6 - Infirmier salarié,2021-04-18
2023-01-01,2021-15,7,Autre,460,622320,0.001,12050,5802780,0.002,7 - Autre,2021-04-18
2023-01-01,2021-16,1,Médecin Généraliste libéral,181280,439580,0.412,3198780,6242360,0.512,1 - Médecin Généraliste libéral,2021-04-25
2023-01-01,2021-16,2,Spécialiste libéral,4480,439580,0.01,85480,6242360,0.014,2 - Spécialiste libéral,2021-04-25
2023-01-01,2021-16,3,Médecin salarié,108200,439580,0.246,1936740,6242360,0.31,3 - Médecin salarié,2021-04-25
2023-01-01,2021-16,4,Pharmacien,116640,439580,0.265,853350,6242360,0.137,4 - Pharmacien,2021-04-25
2023-01-01,2021-16,5,Infirmier libéral,20640,439580,0.047,95810,6242360,0.015,5 - Infirmier libéral,2021-04-25
2023-01-01,2021-16,6,Infirmier salarié,7940,439580,0.018,59760,6242360,0.01,6 - Infirmier salarié,2021-04-25
2023-01-01,2021-16,7,Autre,390,439580,0.001,12440,6242360,0.002,7 - Autre,2021-04-25
2023-01-01,2021-17,1,Médecin Généraliste libéral,173890,445310,0.39,3372670,6687660,0.504,1 - Médecin Généraliste libéral,2021-05-02
2023-01-01,2021-17,2,Spécialiste libéral,4730,445310,0.011,90220,6687660,0.013,2 - Spécialiste libéral,2021-05-02
2023-01-01,2021-17,3,Médecin salarié,107920,445310,0.242,2044650,6687660,0.306,3 - Médecin salarié,2021-05-02
2023-01-01,2021-17,4,Pharmacien,131540,445310,0.295,984890,6687660,0.147,4 - Pharmacien,2021-05-02
2023-01-01,2021-17,5,Infirmier libéral,19980,445310,0.045,115800,6687660,0.017,5 - Infirmier libéral,2021-05-02
2023-01-01,2021-17,6,Infirmier salarié,6880,445310,0.015,66640,6687660,0.01,6 - Infirmier salarié,2021-05-02
2023-01-01,2021-17,7,Autre,360,445310,0.001,12800,6687660,0.002,7 - Autre,2021-05-02
2023-01-01,2021-18,1,Médecin Généraliste libéral,200270,450250,0.445,3572940,7137910,0.501,1 - Médecin Généraliste libéral,2021-05-09
2023-01-01,2021-18,2,Spécialiste libéral,7450,450250,0.017,97670,7137910,0.014,2 - Spécialiste libéral,2021-05-09
2023-01-01,2021-18,3,Médecin salarié,102750,450250,0.228,2147400,7137910,0.301,3 - Médecin salarié,2021-05-09
2023-01-01,2021-18,4,Pharmacien,110740,450250,0.246,1095630,7137910,0.153,4 - Pharmacien,2021-05-09
2023-01-01,2021-18,5,Infirmier libéral,19840,450250,0.044,135640,7137910,0.019,5 - Infirmier libéral,2021-05-09
2023-01-01,2021-18,6,Infirmier salarié,8410,450250,0.019,75050,7137910,0.011,6 - Infirmier salarié,2021-05-09
2023-01-01,2021-18,7,Autre,800,450250,0.002,13590,7137910,0.002,7 - Autre,2021-05-09
2023-01-01,2021-19,1,Médecin Généraliste libéral,178900,355840,0.503,3751840,7493750,0.501,1 - Médecin Généraliste libéral,2021-05-16
2023-01-01,2021-19,2,Spécialiste libéral,3460,355840,0.01,101130,7493750,0.013,2 - Spécialiste libéral,2021-05-16
2023-01-01,2021-19,3,Médecin salarié,62210,355840,0.175,2209610,7493750,0.295,3 - Médecin salarié,2021-05-16
2023-01-01,2021-19,4,Pharmacien,88630,355840,0.249,1184260,7493750,0.158,4 - Pharmacien,2021-05-16
2023-01-01,2021-19,5,Infirmier libéral,16260,355840,0.046,151900,7493750,0.02,5 - Infirmier libéral,2021-05-16
2023-01-01,2021-19,6,Infirmier salarié,5910,355840,0.017,80950,7493750,0.011,6 - Infirmier salarié,2021-05-16
2023-01-01,2021-19,7,Autre,470,355840,0.001,14070,7493750,0.002,7 - Autre,2021-05-16
2023-01-01,2021-20,1,Médecin Généraliste libéral,266110,458560,0.58,4017940,7952310,0.505,1 - Médecin Généraliste libéral,2021-05-23
2023-01-01,2021-20,2,Spécialiste libéral,4690,458560,0.01,105820,7952310,0.013,2 - Spécialiste libéral,2021-05-23
2023-01-01,2021-20,3,Médecin salarié,71630,458560,0.156,2281240,7952310,0.287,3 - Médecin salarié,2021-05-23
2023-01-01,2021-20,4,Pharmacien,87700,458560,0.191,1271960,7952310,0.16,4 - Pharmacien,2021-05-23
2023-01-01,2021-20,5,Infirmier libéral,20280,458560,0.044,172170,7952310,0.022,5 - Infirmier libéral,2021-05-23
2023-01-01,2021-20,6,Infirmier salarié,7750,458560,0.017,88700,7952310,0.011,6 - Infirmier salarié,2021-05-23
2023-01-01,2021-20,7,Autre,410,458560,0.001,14480,7952310,0.002,7 - Autre,2021-05-23
2023-01-01,2021-21,1,Médecin Généraliste libéral,314540,546860,0.575,4332480,8499170,0.51,1 - Médecin Généraliste libéral,2021-05-30
2023-01-01,2021-21,2,Spécialiste libéral,5160,546860,0.009,110970,8499170,0.013,2 - Spécialiste libéral,2021-05-30
2023-01-01,2021-21,3,Médecin salarié,59750,546860,0.109,2340980,8499170,0.275,3 - Médecin salarié,2021-05-30
2023-01-01,2021-21,4,Pharmacien,136620,546860,0.25,1408580,8499170,0.166,4 - Pharmacien,2021-05-30
2023-01-01,2021-21,5,Infirmier libéral,21170,546860,0.039,193340,8499170,0.023,5 - Infirmier libéral,2021-05-30
2023-01-01,2021-21,6,Infirmier salarié,9110,546860,0.017,97810,8499170,0.012,6 - Infirmier salarié,2021-05-30
2023-01-01,2021-21,7,Autre,530,546860,0.001,15000,8499170,0.002,7 - Autre,2021-05-30
2023-01-01,2021-22,1,Médecin Généraliste libéral,410330,846230,0.485,4742810,9345400,0.508,1 - Médecin Généraliste libéral,2021-06-06
2023-01-01,2021-22,2,Spécialiste libéral,5700,846230,0.007,116670,9345400,0.012,2 - Spécialiste libéral,2021-06-06
2023-01-01,2021-22,3,Médecin salarié,82240,846230,0.097,2423230,9345400,0.259,3 - Médecin salarié,2021-06-06
2023-01-01,2021-22,4,Pharmacien,308640,846230,0.365,1717220,9345400,0.184,4 - Pharmacien,2021-06-06
2023-01-01,2021-22,5,Infirmier libéral,27360,846230,0.032,220700,9345400,0.024,5 - Infirmier libéral,2021-06-06
2023-01-01,2021-22,6,Infirmier salarié,11490,846230,0.014,109300,9345400,0.012,6 - Infirmier salarié,2021-06-06
2023-01-01,2021-22,7,Autre,480,846230,0.001,15490,9345400,0.002,7 - Autre,2021-06-06
2023-01-01,2021-23,1,Médecin Généraliste libéral,346100,741750,0.467,5088900,10087150,0.504,1 - Médecin Généraliste libéral,2021-06-13
2023-01-01,2021-23,2,Spécialiste libéral,4620,741750,0.006,121290,10087150,0.012,2 - Spécialiste libéral,2021-06-13
2023-01-01,2021-23,3,Médecin salarié,66360,741750,0.089,2489590,10087150,0.247,3 - Médecin salarié,2021-06-13
2023-01-01,2021-23,4,Pharmacien,286260,741750,0.386,2003480,10087150,0.199,4 - Pharmacien,2021-06-13
2023-01-01,2021-23,5,Infirmier libéral,27850,741750,0.038,248550,10087150,0.025,5 - Infirmier libéral,2021-06-13
2023-01-01,2021-23,6,Infirmier salarié,9600,741750,0.013,118890,10087150,0.012,6 - Infirmier salarié,2021-06-13
2023-01-01,2021-23,7,Autre,960,741750,0.001,16440,10087150,0.002,7 - Autre,2021-06-13
2023-01-01,2021-24,1,Médecin Généraliste libéral,358900,796590,0.451,5447800,10883740,0.501,1 - Médecin Généraliste libéral,2021-06-20
2023-01-01,2021-24,2,Spécialiste libéral,7170,796590,0.009,128460,10883740,0.012,2 - Spécialiste libéral,2021-06-20
2023-01-01,2021-24,3,Médecin salarié,61540,796590,0.077,2551130,10883740,0.234,3 - Médecin salarié,2021-06-20
2023-01-01,2021-24,4,Pharmacien,324590,796590,0.407,2328080,10883740,0.214,4 - Pharmacien,2021-06-20
2023-01-01,2021-24,5,Infirmier libéral,33890,796590,0.043,282440,10883740,0.026,5 - Infirmier libéral,2021-06-20
2023-01-01,2021-24,6,Infirmier salarié,9580,796590,0.012,128470,10883740,0.012,6 - Infirmier salarié,2021-06-20
2023-01-01,2021-24,7,Autre,920,796590,0.001,17360,10883740,0.002,7 - Autre,2021-06-20
2023-01-01,2021-25,1,Médecin Généraliste libéral,278300,655110,0.425,5726110,11538840,0.496,1 - Médecin Généraliste libéral,2021-06-27
2023-01-01,2021-25,2,Spécialiste libéral,3450,655110,0.005,131920,11538840,0.011,2 - Spécialiste libéral,2021-06-27
2023-01-01,2021-25,3,Médecin salarié,56640,655110,0.086,2607770,11538840,0.226,3 - Médecin salarié,2021-06-27
2023-01-01,2021-25,4,Pharmacien,273380,655110,0.417,2601460,11538840,0.225,4 - Pharmacien,2021-06-27
2023-01-01,2021-25,5,Infirmier libéral,33580,655110,0.051,316020,11538840,0.027,5 - Infirmier libéral,2021-06-27
2023-01-01,2021-25,6,Infirmier salarié,8770,655110,0.013,137240,11538840,0.012,6 - Infirmier salarié,2021-06-27
2023-01-01,2021-25,7,Autre,980,655110,0.001,18330,11538840,0.002,7 - Autre,2021-06-27
2023-01-01,2021-26,1,Médecin Généraliste libéral,252540,627260,0.403,5978650,12166110,0.491,1 - Médecin Généraliste libéral,2021-07-04
2023-01-01,2021-26,2,Spécialiste libéral,3110,627260,0.005,135020,12166110,0.011,2 - Spécialiste libéral,2021-07-04
2023-01-01,2021-26,3,Médecin salarié,53960,627260,0.086,2661730,12166110,0.219,3 - Médecin salarié,2021-07-04
2023-01-01,2021-26,4,Pharmacien,268330,627260,0.428,2869790,12166110,0.236,4 - Pharmacien,2021-07-04
2023-01-01,2021-26,5,Infirmier libéral,36430,627260,0.058,352450,12166110,0.029,5 - Infirmier libéral,2021-07-04
2023-01-01,2021-26,6,Infirmier salarié,11620,627260,0.019,148860,12166110,0.012,6 - Infirmier salarié,2021-07-04
2023-01-01,2021-26,7,Autre,1270,627260,0.002,19610,12166110,0.002,7 - Autre,2021-07-04
2023-01-01,2021-27,1,Médecin Généraliste libéral,245100,635060,0.386,6223750,12801170,0.486,1 - Médecin Généraliste libéral,2021-07-11
2023-01-01,2021-27,2,Spécialiste libéral,3630,635060,0.006,138650,12801170,0.011,2 - Spécialiste libéral,2021-07-11
2023-01-01,2021-27,3,Médecin salarié,54610,635060,0.086,2716340,12801170,0.212,3 - Médecin salarié,2021-07-11
2023-01-01,2021-27,4,Pharmacien,281630,635060,0.443,3151420,12801170,0.246,4 - Pharmacien,2021-07-11
2023-01-01,2021-27,5,Infirmier libéral,35940,635060,0.057,388390,12801170,0.03,5 - Infirmier libéral,2021-07-11
2023-01-01,2021-27,6,Infirmier salarié,13210,635060,0.021,162070,12801170,0.013,6 - Infirmier salarié,2021-07-11
2023-01-01,2021-27,7,Autre,940,635060,0.001,20550,12801170,0.002,7 - Autre,2021-07-11
2023-01-01,2021-28,1,Médecin Généraliste libéral,217570,673260,0.323,6441320,13474430,0.478,1 - Médecin Généraliste libéral,2021-07-18
2023-01-01,2021-28,2,Spécialiste libéral,2610,673260,0.004,141260,13474430,0.01,2 - Spécialiste libéral,2021-07-18
2023-01-01,2021-28,3,Médecin salarié,50490,673260,0.075,2766830,13474430,0.205,3 - Médecin salarié,2021-07-18
2023-01-01,2021-28,4,Pharmacien,341910,673260,0.508,3493330,13474430,0.259,4 - Pharmacien,2021-07-18
2023-01-01,2021-28,5,Infirmier libéral,43870,673260,0.065,432260,13474430,0.032,5 - Infirmier libéral,2021-07-18
2023-01-01,2021-28,6,Infirmier salarié,15070,673260,0.022,177140,13474430,0.013,6 - Infirmier salarié,2021-07-18
2023-01-01,2021-28,7,Autre,1740,673260,0.003,22290,13474430,0.002,7 - Autre,2021-07-18
2023-01-01,2021-29,1,Médecin Généraliste libéral,274040,821040,0.334,6715360,14295470,0.47,1 - Médecin Généraliste libéral,2021-07-25
2023-01-01,2021-29,2,Spécialiste libéral,3240,821040,0.004,144500,14295470,0.01,2 - Spécialiste libéral,2021-07-25
2023-01-01,2021-29,3,Médecin salarié,70560,821040,0.086,2837390,14295470,0.198,3 - Médecin salarié,2021-07-25
2023-01-01,2021-29,4,Pharmacien,403230,821040,0.491,3896560,14295470,0.273,4 - Pharmacien,2021-07-25
2023-01-01,2021-29,5,Infirmier libéral,52940,821040,0.064,485210,14295470,0.034,5 - Infirmier libéral,2021-07-25
2023-01-01,2021-29,6,Infirmier salarié,15540,821040,0.019,192680,14295470,0.013,6 - Infirmier salarié,2021-07-25
2023-01-01,2021-29,7,Autre,1490,821040,0.002,23780,14295470,0.002,7 - Autre,2021-07-25
2023-01-01,2021-30,1,Médecin Généraliste libéral,230060,743430,0.309,6945430,15038900,0.462,1 - Médecin Généraliste libéral,2021-08-01
2023-01-01,2021-30,2,Spécialiste libéral,3190,743430,0.004,147680,15038900,0.01,2 - Spécialiste libéral,2021-08-01
2023-01-01,2021-30,3,Médecin salarié,60850,743430,0.082,2898240,15038900,0.193,3 - Médecin salarié,2021-08-01
2023-01-01,2021-30,4,Pharmacien,379710,743430,0.511,4276270,15038900,0.284,4 - Pharmacien,2021-08-01
2023-01-01,2021-30,5,Infirmier libéral,56420,743430,0.076,541630,15038900,0.036,5 - Infirmier libéral,2021-08-01
2023-01-01,2021-30,6,Infirmier salarié,11470,743430,0.015,204150,15038900,0.014,6 - Infirmier salarié,2021-08-01
2023-01-01,2021-30,7,Autre,1720,743430,0.002,25500,15038900,0.002,7 - Autre,2021-08-01
2023-01-01,2021-31,1,Médecin Généraliste libéral,174160,598670,0.291,7119580,15637570,0.455,1 - Médecin Généraliste libéral,2021-08-08
2023-01-01,2021-31,2,Spécialiste libéral,2800,598670,0.005,150480,15637570,0.01,2 - Spécialiste libéral,2021-08-08
2023-01-01,2021-31,3,Médecin salarié,46610,598670,0.078,2944850,15637570,0.188,3 - Médecin salarié,2021-08-08
2023-01-01,2021-31,4,Pharmacien,313200,598670,0.523,4589470,15637570,0.293,4 - Pharmacien,2021-08-08
2023-01-01,2021-31,5,Infirmier libéral,49940,598670,0.083,591570,15637570,0.038,5 - Infirmier libéral,2021-08-08
2023-01-01,2021-31,6,Infirmier salarié,9930,598670,0.017,214080,15637570,0.014,6 - Infirmier salarié,2021-08-08
2023-01-01,2021-31,7,Autre,2040,598670,0.003,27540,15637570,0.002,7 - Autre,2021-08-08
2023-01-01,2021-32,1,Médecin Généraliste libéral,148870,527340,0.282,7268450,16164910,0.45,1 - Médecin Généraliste libéral,2021-08-15
2023-01-01,2021-32,2,Spécialiste libéral,2160,527340,0.004,152640,16164910,0.009,2 - Spécialiste libéral,2021-08-15
2023-01-01,2021-32,3,Médecin salarié,40810,527340,0.077,2985660,16164910,0.185,3 - Médecin salarié,2021-08-15
2023-01-01,2021-32,4,Pharmacien,279670,527340,0.53,4869140,16164910,0.301,4 - Pharmacien,2021-08-15
2023-01-01,2021-32,5,Infirmier libéral,43870,527340,0.083,635430,16164910,0.039,5 - Infirmier libéral,2021-08-15
2023-01-01,2021-32,6,Infirmier salarié,10210,527340,0.019,224290,16164910,0.014,6 - Infirmier salarié,2021-08-15
2023-01-01,2021-32,7,Autre,1750,527340,0.003,29290,16164910,0.002,7 - Autre,2021-08-15
2023-01-01,2021-33,1,Médecin Généraliste libéral,152560,524660,0.291,7421010,16689570,0.445,1 - Médecin Généraliste libéral,2021-08-22
2023-01-01,2021-33,2,Spécialiste libéral,2200,524660,0.004,154840,16689570,0.009,2 - Spécialiste libéral,2021-08-22
2023-01-01,2021-33,3,Médecin salarié,39650,524660,0.076,3025310,16689570,0.181,3 - Médecin salarié,2021-08-22
2023-01-01,2021-33,4,Pharmacien,274290,524660,0.523,5143430,16689570,0.308,4 - Pharmacien,2021-08-22
2023-01-01,2021-33,5,Infirmier libéral,46530,524660,0.089,681960,16689570,0.041,5 - Infirmier libéral,2021-08-22
2023-01-01,2021-33,6,Infirmier salarié,7630,524660,0.015,231920,16689570,0.014,6 - Infirmier salarié,2021-08-22
2023-01-01,2021-33,7,Autre,1810,524660,0.003,31110,16689570,0.002,7 - Autre,2021-08-22
2023-01-01,2021-34,1,Médecin Généraliste libéral,162400,553960,0.293,7583410,17243530,0.44,1 - Médecin Généraliste libéral,2021-08-29
2023-01-01,2021-34,2,Spécialiste libéral,2770,553960,0.005,157610,17243530,0.009,2 - Spécialiste libéral,2021-08-29
2023-01-01,2021-34,3,Médecin salarié,37300,553960,0.067,3062610,17243530,0.178,3 - Médecin salarié,2021-08-29
2023-01-01,2021-34,4,Pharmacien,292170,553960,0.527,5435600,17243530,0.315,4 - Pharmacien,2021-08-29
2023-01-01,2021-34,5,Infirmier libéral,48330,553960,0.087,730290,17243530,0.042,5 - Infirmier libéral,2021-08-29
2023-01-01,2021-34,6,Infirmier salarié,9000,553960,0.016,240910,17243530,0.014,6 - Infirmier salarié,2021-08-29
2023-01-01,2021-34,7,Autre,1990,553960,0.004,33100,17243530,0.002,7 - Autre,2021-08-29
2023-01-01,2021-35,1,Médecin Généraliste libéral,152240,521650,0.292,7735650,17765170,0.435,1 - Médecin Généraliste libéral,2021-09-05
2023-01-01,2021-35,2,Spécialiste libéral,3140,521650,0.006,160750,17765170,0.009,2 - Spécialiste libéral,2021-09-05
2023-01-01,2021-35,3,Médecin salarié,32400,521650,0.062,3095010,17765170,0.174,3 - Médecin salarié,2021-09-05
2023-01-01,2021-35,4,Pharmacien,274610,521650,0.526,5710210,17765170,0.321,4 - Pharmacien,2021-09-05
2023-01-01,2021-35,5,Infirmier libéral,48200,521650,0.092,778490,17765170,0.044,5 - Infirmier libéral,2021-09-05
2023-01-01,2021-35,6,Infirmier salarié,8840,521650,0.017,249760,17765170,0.014,6 - Infirmier salarié,2021-09-05
2023-01-01,2021-35,7,Autre,2210,521650,0.004,35310,17765170,0.002,7 - Autre,2021-09-05
2023-01-01,2021-36,1,Médecin Généraliste libéral,124550,419960,0.297,7860200,18185130,0.432,1 - Médecin Généraliste libéral,2021-09-12
2023-01-01,2021-36,2,Spécialiste libéral,2500,419960,0.006,163240,18185130,0.009,2 - Spécialiste libéral,2021-09-12
2023-01-01,2021-36,3,Médecin salarié,31640,419960,0.075,3126650,18185130,0.172,3 - Médecin salarié,2021-09-12
2023-01-01,2021-36,4,Pharmacien,214960,419960,0.512,5925170,18185130,0.326,4 - Pharmacien,2021-09-12
2023-01-01,2021-36,5,Infirmier libéral,37340,419960,0.089,815830,18185130,0.045,5 - Infirmier libéral,2021-09-12
2023-01-01,2021-36,6,Infirmier salarié,7290,419960,0.017,257040,18185130,0.014,6 - Infirmier salarié,2021-09-12
2023-01-01,2021-36,7,Autre,1680,419960,0.004,36990,18185130,0.002,7 - Autre,2021-09-12
2023-01-01,2021-37,1,Médecin Généraliste libéral,136070,448900,0.303,7996270,18634030,0.429,1 - Médecin Généraliste libéral,2021-09-19
2023-01-01,2021-37,2,Spécialiste libéral,2760,448900,0.006,166010,18634030,0.009,2 - Spécialiste libéral,2021-09-19
2023-01-01,2021-37,3,Médecin salarié,75760,448900,0.169,3202410,18634030,0.172,3 - Médecin salarié,2021-09-19
2023-01-01,2021-37,4,Pharmacien,191520,448900,0.427,6116690,18634030,0.328,4 - Pharmacien,2021-09-19
2023-01-01,2021-37,5,Infirmier libéral,32100,448900,0.072,847930,18634030,0.046,5 - Infirmier libéral,2021-09-19
2023-01-01,2021-37,6,Infirmier salarié,9220,448900,0.021,266260,18634030,0.014,6 - Infirmier salarié,2021-09-19
2023-01-01,2021-37,7,Autre,1480,448900,0.003,38470,18634030,0.002,7 - Autre,2021-09-19
2023-01-01,2021-38,1,Médecin Généraliste libéral,127500,416260,0.306,8123770,19050280,0.426,1 - Médecin Généraliste libéral,2021-09-26
2023-01-01,2021-38,2,Spécialiste libéral,2450,416260,0.006,168460,19050280,0.009,2 - Spécialiste libéral,2021-09-26
2023-01-01,2021-38,3,Médecin salarié,80690,416260,0.194,3283100,19050280,0.172,3 - Médecin salarié,2021-09-26
2023-01-01,2021-38,4,Pharmacien,168420,416260,0.405,6285110,19050280,0.33,4 - Pharmacien,2021-09-26
2023-01-01,2021-38,5,Infirmier libéral,26880,416260,0.065,874810,19050280,0.046,5 - Infirmier libéral,2021-09-26
2023-01-01,2021-38,6,Infirmier salarié,8910,416260,0.021,275170,19050280,0.014,6 - Infirmier salarié,2021-09-26
2023-01-01,2021-38,7,Autre,1400,416260,0.003,39870,19050280,0.002,7 - Autre,2021-09-26
2023-01-01,2021-39,1,Médecin Généraliste libéral,114100,362400,0.315,8237870,19412680,0.424,1 - Médecin Généraliste libéral,2021-10-03
2023-01-01,2021-39,2,Spécialiste libéral,2370,362400,0.007,170830,19412680,0.009,2 - Spécialiste libéral,2021-10-03
2023-01-01,2021-39,3,Médecin salarié,56920,362400,0.157,3340030,19412680,0.172,3 - Médecin salarié,2021-10-03
2023-01-01,2021-39,4,Pharmacien,156160,362400,0.431,6441260,19412680,0.332,4 - Pharmacien,2021-10-03
2023-01-01,2021-39,5,Infirmier libéral,24620,362400,0.068,899430,19412680,0.046,5 - Infirmier libéral,2021-10-03
2023-01-01,2021-39,6,Infirmier salarié,6900,362400,0.019,282070,19412680,0.015,6 - Infirmier salarié,2021-10-03
2023-01-01,2021-39,7,Autre,1330,362400,0.004,41200,19412680,0.002,7 - Autre,2021-10-03
2023-01-01,2021-40,1,Médecin Généraliste libéral,109730,358900,0.306,8347600,19771590,0.422,1 - Médecin Généraliste libéral,2021-10-10
2023-01-01,2021-40,2,Spécialiste libéral,2220,358900,0.006,173050,19771590,0.009,2 - Spécialiste libéral,2021-10-10
2023-01-01,2021-40,3,Médecin salarié,41630,358900,0.116,3381660,19771590,0.171,3 - Médecin salarié,2021-10-10
2023-01-01,2021-40,4,Pharmacien,172140,358900,0.48,6613410,19771590,0.334,4 - Pharmacien,2021-10-10
2023-01-01,2021-40,5,Infirmier libéral,26300,358900,0.073,925730,19771590,0.047,5 - Infirmier libéral,2021-10-10
2023-01-01,2021-40,6,Infirmier salarié,5600,358900,0.016,287670,19771590,0.015,6 - Infirmier salarié,2021-10-10
2023-01-01,2021-40,7,Autre,1270,358900,0.004,42470,19771590,0.002,7 - Autre,2021-10-10
2023-01-01,2021-41,1,Médecin Généraliste libéral,103200,350830,0.294,8450800,20122410,0.42,1 - Médecin Généraliste libéral,2021-10-17
2023-01-01,2021-41,2,Spécialiste libéral,2200,350830,0.006,175250,20122410,0.009,2 - Spécialiste libéral,2021-10-17
2023-01-01,2021-41,3,Médecin salarié,30770,350830,0.088,3412430,20122410,0.17,3 - Médecin salarié,2021-10-17
2023-01-01,2021-41,4,Pharmacien,180730,350830,0.515,6794140,20122410,0.338,4 - Pharmacien,2021-10-17
2023-01-01,2021-41,5,Infirmier libéral,27850,350830,0.079,953580,20122410,0.047,5 - Infirmier libéral,2021-10-17
2023-01-01,2021-41,6,Infirmier salarié,5070,350830,0.014,292740,20122410,0.015,6 - Infirmier salarié,2021-10-17
2023-01-01,2021-41,7,Autre,1010,350830,0.003,43480,20122410,0.002,7 - Autre,2021-10-17
2023-01-01,2021-42,1,Médecin Généraliste libéral,82780,306760,0.27,8533580,20429170,0.418,1 - Médecin Généraliste libéral,2021-10-24
2023-01-01,2021-42,2,Spécialiste libéral,1740,306760,0.006,176990,20429170,0.009,2 - Spécialiste libéral,2021-10-24
2023-01-01,2021-42,3,Médecin salarié,25770,306760,0.084,3438200,20429170,0.168,3 - Médecin salarié,2021-10-24
2023-01-01,2021-42,4,Pharmacien,165160,306760,0.538,6959300,20429170,0.341,4 - Pharmacien,2021-10-24
2023-01-01,2021-42,5,Infirmier libéral,26030,306760,0.085,979610,20429170,0.048,5 - Infirmier libéral,2021-10-24
2023-01-01,2021-42,6,Infirmier salarié,4240,306760,0.014,296980,20429170,0.015,6 - Infirmier salarié,2021-10-24
2023-01-01,2021-42,7,Autre,1040,306760,0.003,44520,20429170,0.002,7 - Autre,2021-10-24
2023-01-01,2021-43,1,Médecin Généraliste libéral,78810,314700,0.25,8612390,20743860,0.415,1 - Médecin Généraliste libéral,2021-10-31
2023-01-01,2021-43,2,Spécialiste libéral,1500,314700,0.005,178490,20743860,0.009,2 - Spécialiste libéral,2021-10-31
2023-01-01,2021-43,3,Médecin salarié,21380,314700,0.068,3459580,20743860,0.167,3 - Médecin salarié,2021-10-31
2023-01-01,2021-43,4,Pharmacien,180310,314700,0.573,7139600,20743860,0.344,4 - Pharmacien,2021-10-31
2023-01-01,2021-43,5,Infirmier libéral,27360,314700,0.087,1006970,20743860,0.049,5 - Infirmier libéral,2021-10-31
2023-01-01,2021-43,6,Infirmier salarié,4210,314700,0.013,301180,20743860,0.015,6 - Infirmier salarié,2021-10-31
2023-01-01,2021-43,7,Autre,1130,314700,0.004,45650,20743860,0.002,7 - Autre,2021-10-31
2023-01-01,2021-44,1,Médecin Généraliste libéral,89620,370360,0.242,8702010,21114220,0.412,1 - Médecin Généraliste libéral,2021-11-07
2023-01-01,2021-44,2,Spécialiste libéral,1960,370360,0.005,180450,21114220,0.009,2 - Spécialiste libéral,2021-11-07
2023-01-01,2021-44,3,Médecin salarié,17030,370360,0.046,3476610,21114220,0.165,3 - Médecin salarié,2021-11-07
2023-01-01,2021-44,4,Pharmacien,224420,370360,0.606,7364030,21114220,0.349,4 - Pharmacien,2021-11-07
2023-01-01,2021-44,5,Infirmier libéral,32920,370360,0.089,1039890,21114220,0.049,5 - Infirmier libéral,2021-11-07
2023-01-01,2021-44,6,Infirmier salarié,3410,370360,0.009,304590,21114220,0.014,6 - Infirmier salarié,2021-11-07
2023-01-01,2021-44,7,Autre,1010,370360,0.003,46660,21114220,0.002,7 - Autre,2021-11-07
2023-01-01,2021-45,1,Médecin Généraliste libéral,108240,478210,0.226,8810250,21592430,0.408,1 - Médecin Généraliste libéral,2021-11-14
2023-01-01,2021-45,2,Spécialiste libéral,2110,478210,0.004,182560,21592430,0.008,2 - Spécialiste libéral,2021-11-14
2023-01-01,2021-45,3,Médecin salarié,21970,478210,0.046,3498580,21592430,0.162,3 - Médecin salarié,2021-11-14
2023-01-01,2021-45,4,Pharmacien,294440,478210,0.616,7658460,21592430,0.355,4 - Pharmacien,2021-11-14
2023-01-01,2021-45,5,Infirmier libéral,44670,478210,0.093,1084550,21592430,0.05,5 - Infirmier libéral,2021-11-14
2023-01-01,2021-45,6,Infirmier salarié,5640,478210,0.012,310220,21592430,0.014,6 - Infirmier salarié,2021-11-14
2023-01-01,2021-45,7,Autre,1140,478210,0.002,47800,21592430,0.002,7 - Autre,2021-11-14
2023-01-01,2021-46,1,Médecin Généraliste libéral,181730,717210,0.253,8991980,22309640,0.403,1 - Médecin Généraliste libéral,2021-11-21
2023-01-01,2021-46,2,Spécialiste libéral,3000,717210,0.004,185550,22309640,0.008,2 - Spécialiste libéral,2021-11-21
2023-01-01,2021-46,3,Médecin salarié,31850,717210,0.044,3530440,22309640,0.158,3 - Médecin salarié,2021-11-21
2023-01-01,2021-46,4,Pharmacien,427750,717210,0.596,8086210,22309640,0.362,4 - Pharmacien,2021-11-21
2023-01-01,2021-46,5,Infirmier libéral,62530,717210,0.087,1147080,22309640,0.051,5 - Infirmier libéral,2021-11-21
2023-01-01,2021-46,6,Infirmier salarié,8740,717210,0.012,318970,22309640,0.014,6 - Infirmier salarié,2021-11-21
2023-01-01,2021-46,7,Autre,1610,717210,0.002,49420,22309640,0.002,7 - Autre,2021-11-21
2023-01-01,2021-47,1,Médecin Généraliste libéral,237850,951410,0.25,9229830,23261050,0.397,1 - Médecin Généraliste libéral,2021-11-28
2023-01-01,2021-47,2,Spécialiste libéral,3390,951410,0.004,188940,23261050,0.008,2 - Spécialiste libéral,2021-11-28
2023-01-01,2021-47,3,Médecin salarié,42360,951410,0.045,3572790,23261050,0.154,3 - Médecin salarié,2021-11-28
2023-01-01,2021-47,4,Pharmacien,568870,951410,0.598,8655080,23261050,0.372,4 - Pharmacien,2021-11-28
2023-01-01,2021-47,5,Infirmier libéral,85950,951410,0.09,1233030,23261050,0.053,5 - Infirmier libéral,2021-11-28
2023-01-01,2021-47,6,Infirmier salarié,10970,951410,0.012,329930,23261050,0.014,6 - Infirmier salarié,2021-11-28
2023-01-01,2021-47,7,Autre,2050,951410,0.002,51460,23261050,0.002,7 - Autre,2021-11-28
2023-01-01,2021-48,1,Médecin Généraliste libéral,369890,1526390,0.242,9599720,24787440,0.387,1 - Médecin Généraliste libéral,2021-12-05
2023-01-01,2021-48,2,Spécialiste libéral,6190,1526390,0.004,195130,24787440,0.008,2 - Spécialiste libéral,2021-12-05
2023-01-01,2021-48,3,Médecin salarié,59260,1526390,0.039,3632060,24787440,0.147,3 - Médecin salarié,2021-12-05
2023-01-01,2021-48,4,Pharmacien,906200,1526390,0.594,9561270,24787440,0.386,4 - Pharmacien,2021-12-05
2023-01-01,2021-48,5,Infirmier libéral,162360,1526390,0.106,1395390,24787440,0.056,5 - Infirmier libéral,2021-12-05
2023-01-01,2021-48,6,Infirmier salarié,19480,1526390,0.013,349410,24787440,0.014,6 - Infirmier salarié,2021-12-05
2023-01-01,2021-48,7,Autre,3000,1526390,0.002,54460,24787440,0.002,7 - Autre,2021-12-05
2023-01-01,2021-49,1,Médecin Généraliste libéral,464180,1888510,0.246,10063910,26675950,0.377,1 - Médecin Généraliste libéral,2021-12-12
2023-01-01,2021-49,2,Spécialiste libéral,8630,1888510,0.005,203760,26675950,0.008,2 - Spécialiste libéral,2021-12-12
2023-01-01,2021-49,3,Médecin salarié,88980,1888510,0.047,3721040,26675950,0.139,3 - Médecin salarié,2021-12-12
2023-01-01,2021-49,4,Pharmacien,1056340,1888510,0.559,10617620,26675950,0.398,4 - Pharmacien,2021-12-12
2023-01-01,2021-49,5,Infirmier libéral,235860,1888510,0.125,1631250,26675950,0.061,5 - Infirmier libéral,2021-12-12
2023-01-01,2021-49,6,Infirmier salarié,29770,1888510,0.016,379180,26675950,0.014,6 - Infirmier salarié,2021-12-12
2023-01-01,2021-49,7,Autre,4740,1888510,0.003,59200,26675950,0.002,7 - Autre,2021-12-12
2023-01-01,2021-50,1,Médecin Généraliste libéral,543310,2346990,0.231,10607220,29022940,0.365,1 - Médecin Généraliste libéral,2021-12-19
2023-01-01,2021-50,2,Spécialiste libéral,8570,2346990,0.004,212330,29022940,0.007,2 - Spécialiste libéral,2021-12-19
2023-01-01,2021-50,3,Médecin salarié,137520,2346990,0.059,3858560,29022940,0.133,3 - Médecin salarié,2021-12-19
2023-01-01,2021-50,4,Pharmacien,1268490,2346990,0.54,11886110,29022940,0.41,4 - Pharmacien,2021-12-19
2023-01-01,2021-50,5,Infirmier libéral,327730,2346990,0.14,1958970,29022940,0.067,5 - Infirmier libéral,2021-12-19
2023-01-01,2021-50,6,Infirmier salarié,54100,2346990,0.023,433280,29022940,0.015,6 - Infirmier salarié,2021-12-19
2023-01-01,2021-50,7,Autre,7270,2346990,0.003,66470,29022940,0.002,7 - Autre,2021-12-19
2023-01-01,2021-51,1,Médecin Généraliste libéral,262430,1275460,0.206,10869650,30298410,0.359,1 - Médecin Généraliste libéral,2021-12-26
2023-01-01,2021-51,2,Spécialiste libéral,4450,1275460,0.003,216780,30298410,0.007,2 - Spécialiste libéral,2021-12-26
2023-01-01,2021-51,3,Médecin salarié,58190,1275460,0.046,3916750,30298410,0.129,3 - Médecin salarié,2021-12-26
2023-01-01,2021-51,4,Pharmacien,753850,1275460,0.591,12639960,30298410,0.417,4 - Pharmacien,2021-12-26
2023-01-01,2021-51,5,Infirmier libéral,164020,1275460,0.129,2122990,30298410,0.07,5 - Infirmier libéral,2021-12-26
2023-01-01,2021-51,6,Infirmier salarié,27680,1275460,0.022,460960,30298410,0.015,6 - Infirmier salarié,2021-12-26
2023-01-01,2021-51,7,Autre,4840,1275460,0.004,71310,30298410,0.002,7 - Autre,2021-12-26
2023-01-01,2021-52,1,Médecin Généraliste libéral,184970,1015590,0.182,11054620,31314000,0.353,1 - Médecin Généraliste libéral,2022-01-02
2023-01-01,2021-52,2,Spécialiste libéral,2540,1015590,0.003,219320,31314000,0.007,2 - Spécialiste libéral,2022-01-02
2023-01-01,2021-52,3,Médecin salarié,27080,1015590,0.027,3943830,31314000,0.126,3 - Médecin salarié,2022-01-02
2023-01-01,2021-52,4,Pharmacien,636080,1015590,0.626,13276040,31314000,0.424,4 - Pharmacien,2022-01-02
2023-01-01,2021-52,5,Infirmier libéral,143380,1015590,0.141,2266370,31314000,0.072,5 - Infirmier libéral,2022-01-02
2023-01-01,2021-52,6,Infirmier salarié,17960,1015590,0.018,478920,31314000,0.015,6 - Infirmier salarié,2022-01-02
2023-01-01,2021-52,7,Autre,3600,1015590,0.004,74910,31314000,0.002,7 - Autre,2022-01-02
2023-01-01,2022-01,1,Médecin Généraliste libéral,395420,1861420,0.212,11450040,33175420,0.345,1 - Médecin Généraliste libéral,2022-01-09
2023-01-01,2022-01,2,Spécialiste libéral,5940,1861420,0.003,225260,33175420,0.007,2 - Spécialiste libéral,2022-01-09
2023-01-01,2022-01,3,Médecin salarié,79390,1861420,0.043,4023210,33175420,0.121,3 - Médecin salarié,2022-01-09
2023-01-01,2022-01,4,Pharmacien,1052410,1861420,0.565,14328450,33175420,0.432,4 - Pharmacien,2022-01-09
2023-01-01,2022-01,5,Infirmier libéral,281120,1861420,0.151,2547480,33175420,0.077,5 - Infirmier libéral,2022-01-09
2023-01-01,2022-01,6,Infirmier salarié,40090,1861420,0.022,519010,33175420,0.016,6 - Infirmier salarié,2022-01-09
2023-01-01,2022-01,7,Autre,7060,1861420,0.004,81970,33175420,0.002,7 - Autre,2022-01-09
2023-01-01,2022-02,1,Médecin Généraliste libéral,323000,1557760,0.207,11773040,34733170,0.339,1 - Médecin Généraliste libéral,2022-01-16
2023-01-01,2022-02,2,Spécialiste libéral,5360,1557760,0.003,230610,34733170,0.007,2 - Spécialiste libéral,2022-01-16
2023-01-01,2022-02,3,Médecin salarié,72740,1557760,0.047,4095950,34733170,0.118,3 - Médecin salarié,2022-01-16
2023-01-01,2022-02,4,Pharmacien,895220,1557760,0.575,15223670,34733170,0.438,4 - Pharmacien,2022-01-16
2023-01-01,2022-02,5,Infirmier libéral,218060,1557760,0.14,2765540,34733170,0.08,5 - Infirmier libéral,2022-01-16
2023-01-01,2022-02,6,Infirmier salarié,37580,1557760,0.024,556580,34733170,0.016,6 - Infirmier salarié,2022-01-16
2023-01-01,2022-02,7,Autre,5820,1557760,0.004,87790,34733170,0.003,7 - Autre,2022-01-16
2023-01-01,2022-03,1,Médecin Généraliste libéral,210630,1085550,0.194,11983670,35818720,0.335,1 - Médecin Généraliste libéral,2022-01-23
2023-01-01,2022-03,2,Spécialiste libéral,3560,1085550,0.003,234170,35818720,0.007,2 - Spécialiste libéral,2022-01-23
2023-01-01,2022-03,3,Médecin salarié,44500,1085550,0.041,4140440,35818720,0.116,3 - Médecin salarié,2022-01-23
2023-01-01,2022-03,4,Pharmacien,667260,1085550,0.615,15890930,35818720,0.444,4 - Pharmacien,2022-01-23
2023-01-01,2022-03,5,Infirmier libéral,133210,1085550,0.123,2898740,35818720,0.081,5 - Infirmier libéral,2022-01-23
2023-01-01,2022-03,6,Infirmier salarié,22340,1085550,0.021,578920,35818720,0.016,6 - Infirmier salarié,2022-01-23
2023-01-01,2022-03,7,Autre,4060,1085550,0.004,91850,35818720,0.003,7 - Autre,2022-01-23
2023-01-01,2022-04,1,Médecin Généraliste libéral,154280,833030,0.185,12137950,36651760,0.331,1 - Médecin Généraliste libéral,2022-01-30
2023-01-01,2022-04,2,Spécialiste libéral,2800,833030,0.003,236970,36651760,0.006,2 - Spécialiste libéral,2022-01-30
2023-01-01,2022-04,3,Médecin salarié,29360,833030,0.035,4169800,36651760,0.114,3 - Médecin salarié,2022-01-30
2023-01-01,2022-04,4,Pharmacien,529250,833030,0.635,16420170,36651760,0.448,4 - Pharmacien,2022-01-30
2023-01-01,2022-04,5,Infirmier libéral,97210,833030,0.117,2995960,36651760,0.082,5 - Infirmier libéral,2022-01-30
2023-01-01,2022-04,6,Infirmier salarié,16200,833030,0.019,595110,36651760,0.016,6 - Infirmier salarié,2022-01-30
2023-01-01,2022-04,7,Autre,3950,833030,0.005,95800,36651760,0.003,7 - Autre,2022-01-30
2023-01-01,2022-05,1,Médecin Généraliste libéral,121020,690090,0.175,12258960,37341840,0.328,1 - Médecin Généraliste libéral,2022-02-06
2023-01-01,2022-05,2,Spécialiste libéral,2900,690090,0.004,239880,37341840,0.006,2 - Spécialiste libéral,2022-02-06
2023-01-01,2022-05,3,Médecin salarié,18790,690090,0.027,4188590,37341840,0.112,3 - Médecin salarié,2022-02-06
2023-01-01,2022-05,4,Pharmacien,452950,690090,0.656,16873120,37341840,0.452,4 - Pharmacien,2022-02-06
2023-01-01,2022-05,5,Infirmier libéral,78620,690090,0.114,3074580,37341840,0.082,5 - Infirmier libéral,2022-02-06
2023-01-01,2022-05,6,Infirmier salarié,12250,690090,0.018,607360,37341840,0.016,6 - Infirmier salarié,2022-02-06
2023-01-01,2022-05,7,Autre,3550,690090,0.005,99350,37341840,0.003,7 - Autre,2022-02-06
2023-01-01,2022-06,1,Médecin Généraliste libéral,102830,630490,0.163,12361800,37972340,0.326,1 - Médecin Généraliste libéral,2022-02-13
2023-01-01,2022-06,2,Spécialiste libéral,2570,630490,0.004,242450,37972340,0.006,2 - Spécialiste libéral,2022-02-13
2023-01-01,2022-06,3,Médecin salarié,15010,630490,0.024,4203600,37972340,0.111,3 - Médecin salarié,2022-02-13
2023-01-01,2022-06,4,Pharmacien,424180,630490,0.673,17297300,37972340,0.456,4 - Pharmacien,2022-02-13
2023-01-01,2022-06,5,Infirmier libéral,71160,630490,0.113,3145740,37972340,0.083,5 - Infirmier libéral,2022-02-13
2023-01-01,2022-06,6,Infirmier salarié,11500,630490,0.018,618860,37972340,0.016,6 - Infirmier salarié,2022-02-13
2023-01-01,2022-06,7,Autre,3240,630490,0.005,102590,37972340,0.003,7 - Autre,2022-02-13
2023-01-01,2022-07,1,Médecin Généraliste libéral,68300,453050,0.151,12430100,38425380,0.323,1 - Médecin Généraliste libéral,2022-02-20
2023-01-01,2022-07,2,Spécialiste libéral,2080,453050,0.005,244530,38425380,0.006,2 - Spécialiste libéral,2022-02-20
2023-01-01,2022-07,3,Médecin salarié,9350,453050,0.021,4212960,38425380,0.11,3 - Médecin salarié,2022-02-20
2023-01-01,2022-07,4,Pharmacien,317720,453050,0.701,17615020,38425380,0.458,4 - Pharmacien,2022-02-20
2023-01-01,2022-07,5,Infirmier libéral,45270,453050,0.1,3191000,38425380,0.083,5 - Infirmier libéral,2022-02-20
2023-01-01,2022-07,6,Infirmier salarié,8200,453050,0.018,627060,38425380,0.016,6 - Infirmier salarié,2022-02-20
2023-01-01,2022-07,7,Autre,2130,453050,0.005,104720,38425380,0.003,7 - Autre,2022-02-20
2023-01-01,2022-08,1,Médecin Généraliste libéral,41270,275190,0.15,12471370,38700580,0.322,1 - Médecin Généraliste libéral,2022-02-27
2023-01-01,2022-08,2,Spécialiste libéral,1040,275190,0.004,245560,38700580,0.006,2 - Spécialiste libéral,2022-02-27
2023-01-01,2022-08,3,Médecin salarié,4960,275190,0.018,4217910,38700580,0.109,3 - Médecin salarié,2022-02-27
2023-01-01,2022-08,4,Pharmacien,196130,275190,0.713,17811150,38700580,0.46,4 - Pharmacien,2022-02-27
2023-01-01,2022-08,5,Infirmier libéral,25840,275190,0.094,3216840,38700580,0.083,5 - Infirmier libéral,2022-02-27
2023-01-01,2022-08,6,Infirmier salarié,4770,275190,0.017,631830,38700580,0.016,6 - Infirmier salarié,2022-02-27
2023-01-01,2022-08,7,Autre,1190,275190,0.004,105910,38700580,0.003,7 - Autre,2022-02-27
2023-01-01,2022-09,1,Médecin Généraliste libéral,27140,186500,0.146,12498510,38887070,0.321,1 - Médecin Généraliste libéral,2022-03-06
2023-01-01,2022-09,2,Spécialiste libéral,980,186500,0.005,246540,38887070,0.006,2 - Spécialiste libéral,2022-03-06
2023-01-01,2022-09,3,Médecin salarié,3240,186500,0.017,4221150,38887070,0.109,3 - Médecin salarié,2022-03-06
2023-01-01,2022-09,4,Pharmacien,134610,186500,0.722,17945760,38887070,0.461,4 - Pharmacien,2022-03-06
2023-01-01,2022-09,5,Infirmier libéral,16420,186500,0.088,3233250,38887070,0.083,5 - Infirmier libéral,2022-03-06
2023-01-01,2022-09,6,Infirmier salarié,3160,186500,0.017,634990,38887070,0.016,6 - Infirmier salarié,2022-03-06
2023-01-01,2022-09,7,Autre,960,186500,0.005,106870,38887070,0.003,7 - Autre,2022-03-06
2023-01-01,2022-10,1,Médecin Généraliste libéral,16920,107130,0.158,12515440,38994200,0.321,1 - Médecin Généraliste libéral,2022-03-13
2023-01-01,2022-10,2,Spécialiste libéral,670,107130,0.006,247210,38994200,0.006,2 - Spécialiste libéral,2022-03-13
2023-01-01,2022-10,3,Médecin salarié,2310,107130,0.022,4223460,38994200,0.108,3 - Médecin salarié,2022-03-13
2023-01-01,2022-10,4,Pharmacien,74370,107130,0.694,18020130,38994200,0.462,4 - Pharmacien,2022-03-13
2023-01-01,2022-10,5,Infirmier libéral,10340,107130,0.097,3243600,38994200,0.083,5 - Infirmier libéral,2022-03-13
2023-01-01,2022-10,6,Infirmier salarié,2060,107130,0.019,637050,38994200,0.016,6 - Infirmier salarié,2022-03-13
2023-01-01,2022-10,7,Autre,450,107130,0.004,107320,38994200,0.003,7 - Autre,2022-03-13
2023-01-01,2022-11,1,Médecin Généraliste libéral,18960,127380,0.149,12534390,39121580,0.32,1 - Médecin Généraliste libéral,2022-03-20
2023-01-01,2022-11,2,Spécialiste libéral,630,127380,0.005,247850,39121580,0.006,2 - Spécialiste libéral,2022-03-20
2023-01-01,2022-11,3,Médecin salarié,2760,127380,0.022,4226220,39121580,0.108,3 - Médecin salarié,2022-03-20
2023-01-01,2022-11,4,Pharmacien,90960,127380,0.714,18111090,39121580,0.463,4 - Pharmacien,2022-03-20
2023-01-01,2022-11,5,Infirmier libéral,11060,127380,0.087,3254660,39121580,0.083,5 - Infirmier libéral,2022-03-20
2023-01-01,2022-11,6,Infirmier salarié,2360,127380,0.019,639410,39121580,0.016,6 - Infirmier salarié,2022-03-20
2023-01-01,2022-11,7,Autre,640,127380,0.005,107960,39121580,0.003,7 - Autre,2022-03-20
2023-01-01,2022-12,1,Médecin Généraliste libéral,23860,159030,0.15,12558250,39280610,0.32,1 - Médecin Généraliste libéral,2022-03-27
2023-01-01,2022-12,2,Spécialiste libéral,930,159030,0.006,248770,39280610,0.006,2 - Spécialiste libéral,2022-03-27
2023-01-01,2022-12,3,Médecin salarié,4840,159030,0.03,4231060,39280610,0.108,3 - Médecin salarié,2022-03-27
2023-01-01,2022-12,4,Pharmacien,112250,159030,0.706,18223340,39280610,0.464,4 - Pharmacien,2022-03-27
2023-01-01,2022-12,5,Infirmier libéral,14170,159030,0.089,3268830,39280610,0.083,5 - Infirmier libéral,2022-03-27
2023-01-01,2022-12,6,Infirmier salarié,2540,159030,0.016,641940,39280610,0.016,6 - Infirmier salarié,2022-03-27
2023-01-01,2022-12,7,Autre,450,159030,0.003,108410,39280610,0.003,7 - Autre,2022-03-27
2023-01-01,2022-13,1,Médecin Généraliste libéral,31370,192530,0.163,12589620,39473130,0.319,1 - Médecin Généraliste libéral,2022-04-03
2023-01-01,2022-13,2,Spécialiste libéral,780,192530,0.004,249550,39473130,0.006,2 - Spécialiste libéral,2022-04-03
2023-01-01,2022-13,3,Médecin salarié,10410,192530,0.054,4241470,39473130,0.107,3 - Médecin salarié,2022-04-03
2023-01-01,2022-13,4,Pharmacien,127770,192530,0.664,18351110,39473130,0.465,4 - Pharmacien,2022-04-03
2023-01-01,2022-13,5,Infirmier libéral,18730,192530,0.097,3287560,39473130,0.083,5 - Infirmier libéral,2022-04-03
2023-01-01,2022-13,6,Infirmier salarié,2950,192530,0.015,644890,39473130,0.016,6 - Infirmier salarié,2022-04-03
2023-01-01,2022-13,7,Autre,510,192530,0.003,108920,39473130,0.003,7 - Autre,2022-04-03
2023-01-01,2022-14,1,Médecin Généraliste libéral,42760,248330,0.172,12632390,39721460,0.318,1 - Médecin Généraliste libéral,2022-04-10
2023-01-01,2022-14,2,Spécialiste libéral,1000,248330,0.004,250560,39721460,0.006,2 - Spécialiste libéral,2022-04-10
2023-01-01,2022-14,3,Médecin salarié,20660,248330,0.083,4262130,39721460,0.107,3 - Médecin salarié,2022-04-10
2023-01-01,2022-14,4,Pharmacien,152460,248330,0.614,18503570,39721460,0.466,4 - Pharmacien,2022-04-10
2023-01-01,2022-14,5,Infirmier libéral,24990,248330,0.101,3312550,39721460,0.083,5 - Infirmier libéral,2022-04-10
2023-01-01,2022-14,6,Infirmier salarié,5900,248330,0.024,650790,39721460,0.016,6 - Infirmier salarié,2022-04-10
2023-01-01,2022-14,7,Autre,550,248330,0.002,109470,39721460,0.003,7 - Autre,2022-04-10
2023-01-01,2022-15,1,Médecin Généraliste libéral,39560,243220,0.163,12671950,39964680,0.317,1 - Médecin Généraliste libéral,2022-04-17
2023-01-01,2022-15,2,Spécialiste libéral,760,243220,0.003,251320,39964680,0.006,2 - Spécialiste libéral,2022-04-17
2023-01-01,2022-15,3,Médecin salarié,23240,243220,0.096,4285370,39964680,0.107,3 - Médecin salarié,2022-04-17
2023-01-01,2022-15,4,Pharmacien,148560,243220,0.611,18652130,39964680,0.467,4 - Pharmacien,2022-04-17
2023-01-01,2022-15,5,Infirmier libéral,23850,243220,0.098,3336400,39964680,0.083,5 - Infirmier libéral,2022-04-17
2023-01-01,2022-15,6,Infirmier salarié,6710,243220,0.028,657500,39964680,0.016,6 - Infirmier salarié,2022-04-17
2023-01-01,2022-15,7,Autre,550,243220,0.002,110020,39964680,0.003,7 - Autre,2022-04-17
2023-01-01,2022-16,1,Médecin Généraliste libéral,33790,202370,0.167,12705740,40167050,0.316,1 - Médecin Généraliste libéral,2022-04-24
2023-01-01,2022-16,2,Spécialiste libéral,770,202370,0.004,252090,40167050,0.006,2 - Spécialiste libéral,2022-04-24
2023-01-01,2022-16,3,Médecin salarié,17070,202370,0.084,4302440,40167050,0.107,3 - Médecin salarié,2022-04-24
2023-01-01,2022-16,4,Pharmacien,122860,202370,0.607,18774990,40167050,0.467,4 - Pharmacien,2022-04-24
2023-01-01,2022-16,5,Infirmier libéral,22030,202370,0.109,3358430,40167050,0.084,5 - Infirmier libéral,2022-04-24
2023-01-01,2022-16,6,Infirmier salarié,5290,202370,0.026,662790,40167050,0.017,6 - Infirmier salarié,2022-04-24
2023-01-01,2022-16,7,Autre,550,202370,0.003,110570,40167050,0.003,7 - Autre,2022-04-24
2023-01-01,2022-17,1,Médecin Généraliste libéral,41770,240860,0.173,12747510,40407910,0.315,1 - Médecin Généraliste libéral,2022-05-01
2023-01-01,2022-17,2,Spécialiste libéral,670,240860,0.003,252760,40407910,0.006,2 - Spécialiste libéral,2022-05-01
2023-01-01,2022-17,3,Médecin salarié,23610,240860,0.098,4326050,40407910,0.107,3 - Médecin salarié,2022-05-01
2023-01-01,2022-17,4,Pharmacien,141740,240860,0.588,18916730,40407910,0.468,4 - Pharmacien,2022-05-01
2023-01-01,2022-17,5,Infirmier libéral,24800,240860,0.103,3383230,40407910,0.084,5 - Infirmier libéral,2022-05-01
2023-01-01,2022-17,6,Infirmier salarié,7770,240860,0.032,670560,40407910,0.017,6 - Infirmier salarié,2022-05-01
2023-01-01,2022-17,7,Autre,500,240860,0.002,111070,40407910,0.003,7 - Autre,2022-05-01
2023-01-01,2022-18,1,Médecin Généraliste libéral,38770,229120,0.169,12786280,40637030,0.315,1 - Médecin Généraliste libéral,2022-05-08
2023-01-01,2022-18,2,Spécialiste libéral,830,229120,0.004,253590,40637030,0.006,2 - Spécialiste libéral,2022-05-08
2023-01-01,2022-18,3,Médecin salarié,17820,229120,0.078,4343860,40637030,0.107,3 - Médecin salarié,2022-05-08
2023-01-01,2022-18,4,Pharmacien,141720,229120,0.619,19058450,40637030,0.469,4 - Pharmacien,2022-05-08
2023-01-01,2022-18,5,Infirmier libéral,23700,229120,0.103,3406930,40637030,0.084,5 - Infirmier libéral,2022-05-08
2023-01-01,2022-18,6,Infirmier salarié,5790,229120,0.025,676350,40637030,0.017,6 - Infirmier salarié,2022-05-08
2023-01-01,2022-18,7,Autre,500,229120,0.002,111570,40637030,0.003,7 - Autre,2022-05-08
2023-01-01,2022-19,1,Médecin Généraliste libéral,39590,237040,0.167,12825870,40874070,0.314,1 - Médecin Généraliste libéral,2022-05-15
2023-01-01,2022-19,2,Spécialiste libéral,870,237040,0.004,254460,40874070,0.006,2 - Spécialiste libéral,2022-05-15
2023-01-01,2022-19,3,Médecin salarié,17910,237040,0.076,4361770,40874070,0.107,3 - Médecin salarié,2022-05-15
2023-01-01,2022-19,4,Pharmacien,149200,237040,0.629,19207650,40874070,0.47,4 - Pharmacien,2022-05-15
2023-01-01,2022-19,5,Infirmier libéral,22630,237040,0.095,3429560,40874070,0.084,5 - Infirmier libéral,2022-05-15
2023-01-01,2022-19,6,Infirmier salarié,6220,237040,0.026,682570,40874070,0.017,6 - Infirmier salarié,2022-05-15
2023-01-01,2022-19,7,Autre,620,237040,0.003,112190,40874070,0.003,7 - Autre,2022-05-15
2023-01-01,2022-20,1,Médecin Généraliste libéral,41000,232360,0.176,12866860,41106420,0.313,1 - Médecin Généraliste libéral,2022-05-22
2023-01-01,2022-20,2,Spécialiste libéral,670,232360,0.003,255130,41106420,0.006,2 - Spécialiste libéral,2022-05-22
2023-01-01,2022-20,3,Médecin salarié,14890,232360,0.064,4376670,41106420,0.106,3 - Médecin salarié,2022-05-22
2023-01-01,2022-20,4,Pharmacien,148290,232360,0.638,19355950,41106420,0.471,4 - Pharmacien,2022-05-22
2023-01-01,2022-20,5,Infirmier libéral,22140,232360,0.095,3451700,41106420,0.084,5 - Infirmier libéral,2022-05-22
2023-01-01,2022-20,6,Infirmier salarié,4830,232360,0.021,687400,41106420,0.017,6 - Infirmier salarié,2022-05-22
2023-01-01,2022-20,7,Autre,530,232360,0.002,112720,41106420,0.003,7 - Autre,2022-05-22
2023-01-01,2022-21,1,Médecin Généraliste libéral,22940,158350,0.145,12889800,41264770,0.312,1 - Médecin Généraliste libéral,2022-05-29
2023-01-01,2022-21,2,Spécialiste libéral,500,158350,0.003,255630,41264770,0.006,2 - Spécialiste libéral,2022-05-29
2023-01-01,2022-21,3,Médecin salarié,8160,158350,0.052,4384820,41264770,0.106,3 - Médecin salarié,2022-05-29
2023-01-01,2022-21,4,Pharmacien,107390,158350,0.678,19463330,41264770,0.472,4 - Pharmacien,2022-05-29
2023-01-01,2022-21,5,Infirmier libéral,15260,158350,0.096,3466960,41264770,0.084,5 - Infirmier libéral,2022-05-29
2023-01-01,2022-21,6,Infirmier salarié,3800,158350,0.024,691190,41264770,0.017,6 - Infirmier salarié,2022-05-29
2023-01-01,2022-21,7,Autre,310,158350,0.002,113030,41264770,0.003,7 - Autre,2022-05-29
2023-01-01,2022-22,1,Médecin Généraliste libéral,35360,219600,0.161,12925160,41484360,0.312,1 - Médecin Généraliste libéral,2022-06-05
2023-01-01,2022-22,2,Spécialiste libéral,570,219600,0.003,256200,41484360,0.006,2 - Spécialiste libéral,2022-06-05
2023-01-01,2022-22,3,Médecin salarié,10080,219600,0.046,4394900,41484360,0.106,3 - Médecin salarié,2022-06-05
2023-01-01,2022-22,4,Pharmacien,148030,219600,0.674,19611360,41484360,0.473,4 - Pharmacien,2022-06-05
2023-01-01,2022-22,5,Infirmier libéral,19010,219600,0.087,3485970,41484360,0.084,5 - Infirmier libéral,2022-06-05
2023-01-01,2022-22,6,Infirmier salarié,6100,219600,0.028,697290,41484360,0.017,6 - Infirmier salarié,2022-06-05
2023-01-01,2022-22,7,Autre,450,219600,0.002,113480,41484360,0.003,7 - Autre,2022-06-05
2023-01-01,2022-23,1,Médecin Généraliste libéral,32130,213000,0.151,12957290,41697360,0.311,1 - Médecin Généraliste libéral,2022-06-12
2023-01-01,2022-23,2,Spécialiste libéral,570,213000,0.003,256770,41697360,0.006,2 - Spécialiste libéral,2022-06-12
2023-01-01,2022-23,3,Médecin salarié,7220,213000,0.034,4402120,41697360,0.106,3 - Médecin salarié,2022-06-12
2023-01-01,2022-23,4,Pharmacien,151250,213000,0.71,19762610,41697360,0.474,4 - Pharmacien,2022-06-12
2023-01-01,2022-23,5,Infirmier libéral,17190,213000,0.081,3503160,41697360,0.084,5 - Infirmier libéral,2022-06-12
2023-01-01,2022-23,6,Infirmier salarié,4180,213000,0.02,701470,41697360,0.017,6 - Infirmier salarié,2022-06-12
2023-01-01,2022-23,7,Autre,450,213000,0.002,113930,41697360,0.003,7 - Autre,2022-06-12
2023-01-01,2022-24,1,Médecin Généraliste libéral,38610,251160,0.154,12995900,41948520,0.31,1 - Médecin Généraliste libéral,2022-06-19
2023-01-01,2022-24,2,Spécialiste libéral,740,251160,0.003,257510,41948520,0.006,2 - Spécialiste libéral,2022-06-19
2023-01-01,2022-24,3,Médecin salarié,7600,251160,0.03,4409730,41948520,0.105,3 - Médecin salarié,2022-06-19
2023-01-01,2022-24,4,Pharmacien,179220,251160,0.714,19941820,41948520,0.475,4 - Pharmacien,2022-06-19
2023-01-01,2022-24,5,Infirmier libéral,19800,251160,0.079,3522960,41948520,0.084,5 - Infirmier libéral,2022-06-19
2023-01-01,2022-24,6,Infirmier salarié,4700,251160,0.019,706170,41948520,0.017,6 - Infirmier salarié,2022-06-19
2023-01-01,2022-24,7,Autre,500,251160,0.002,114430,41948520,0.003,7 - Autre,2022-06-19
2023-01-01,2022-25,1,Médecin Généraliste libéral,44140,320120,0.138,13040040,42268640,0.309,1 - Médecin Généraliste libéral,2022-06-26
2023-01-01,2022-25,2,Spécialiste libéral,770,320120,0.002,258280,42268640,0.006,2 - Spécialiste libéral,2022-06-26
2023-01-01,2022-25,3,Médecin salarié,7710,320120,0.024,4417440,42268640,0.105,3 - Médecin salarié,2022-06-26
2023-01-01,2022-25,4,Pharmacien,236070,320120,0.737,20177900,42268640,0.477,4 - Pharmacien,2022-06-26
2023-01-01,2022-25,5,Infirmier libéral,25330,320120,0.079,3548290,42268640,0.084,5 - Infirmier libéral,2022-06-26
2023-01-01,2022-25,6,Infirmier salarié,5610,320120,0.018,711780,42268640,0.017,6 - Infirmier salarié,2022-06-26
2023-01-01,2022-25,7,Autre,490,320120,0.002,114920,42268640,0.003,7 - Autre,2022-06-26
2023-01-01,2022-26,1,Médecin Généraliste libéral,64350,535210,0.12,13104390,42803850,0.306,1 - Médecin Généraliste libéral,2022-07-03
2023-01-01,2022-26,2,Spécialiste libéral,1470,535210,0.003,259750,42803850,0.006,2 - Spécialiste libéral,2022-07-03
2023-01-01,2022-26,3,Médecin salarié,9500,535210,0.018,4426940,42803850,0.103,3 - Médecin salarié,2022-07-03
2023-01-01,2022-26,4,Pharmacien,402040,535210,0.751,20579930,42803850,0.481,4 - Pharmacien,2022-07-03
2023-01-01,2022-26,5,Infirmier libéral,49470,535210,0.092,3597760,42803850,0.084,5 - Infirmier libéral,2022-07-03
2023-01-01,2022-26,6,Infirmier salarié,7640,535210,0.014,719420,42803850,0.017,6 - Infirmier salarié,2022-07-03
2023-01-01,2022-26,7,Autre,740,535210,0.001,115660,42803850,0.003,7 - Autre,2022-07-03
2023-01-01,2022-27,1,Médecin Généraliste libéral,86550,706100,0.123,13190940,43509950,0.303,1 - Médecin Généraliste libéral,2022-07-10
2023-01-01,2022-27,2,Spécialiste libéral,1740,706100,0.002,261490,43509950,0.006,2 - Spécialiste libéral,2022-07-10
2023-01-01,2022-27,3,Médecin salarié,13250,706100,0.019,4440190,43509950,0.102,3 - Médecin salarié,2022-07-10
2023-01-01,2022-27,4,Pharmacien,517070,706100,0.732,21097000,43509950,0.485,4 - Pharmacien,2022-07-10
2023-01-01,2022-27,5,Infirmier libéral,77230,706100,0.109,3674990,43509950,0.084,5 - Infirmier libéral,2022-07-10
2023-01-01,2022-27,6,Infirmier salarié,9070,706100,0.013,728490,43509950,0.017,6 - Infirmier salarié,2022-07-10
2023-01-01,2022-27,7,Autre,1180,706100,0.002,116840,43509950,0.003,7 - Autre,2022-07-10
2023-01-01,2022-28,1,Médecin Généraliste libéral,57170,515730,0.111,13248100,44025680,0.301,1 - Médecin Généraliste libéral,2022-07-17
2023-01-01,2022-28,2,Spécialiste libéral,1320,515730,0.003,262810,44025680,0.006,2 - Spécialiste libéral,2022-07-17
2023-01-01,2022-28,3,Médecin salarié,8880,515730,0.017,4449070,44025680,0.101,3 - Médecin salarié,2022-07-17
2023-01-01,2022-28,4,Pharmacien,371070,515730,0.72,21468070,44025680,0.488,4 - Pharmacien,2022-07-17
2023-01-01,2022-28,5,Infirmier libéral,68770,515730,0.133,3743770,44025680,0.085,5 - Infirmier libéral,2022-07-17
2023-01-01,2022-28,6,Infirmier salarié,7670,515730,0.015,736160,44025680,0.017,6 - Infirmier salarié,2022-07-17
2023-01-01,2022-28,7,Autre,860,515730,0.002,117700,44025680,0.003,7 - Autre,2022-07-17
2023-01-01,2022-29,1,Médecin Généraliste libéral,68860,517720,0.133,13316970,44543400,0.299,1 - Médecin Généraliste libéral,2022-07-24
2023-01-01,2022-29,2,Spécialiste libéral,970,517720,0.002,263780,44543400,0.006,2 - Spécialiste libéral,2022-07-24
2023-01-01,2022-29,3,Médecin salarié,9830,517720,0.019,4458900,44543400,0.1,3 - Médecin salarié,2022-07-24
2023-01-01,2022-29,4,Pharmacien,371810,517720,0.718,21839880,44543400,0.49,4 - Pharmacien,2022-07-24
2023-01-01,2022-29,5,Infirmier libéral,57340,517720,0.111,3801110,44543400,0.085,5 - Infirmier libéral,2022-07-24
2023-01-01,2022-29,6,Infirmier salarié,7880,517720,0.015,744040,44543400,0.017,6 - Infirmier salarié,2022-07-24
2023-01-01,2022-29,7,Autre,1020,517720,0.002,118720,44543400,0.003,7 - Autre,2022-07-24
2023-01-01,2022-30,1,Médecin Généraliste libéral,51470,397860,0.129,13368440,44941270,0.297,1 - Médecin Généraliste libéral,2022-07-31
2023-01-01,2022-30,2,Spécialiste libéral,730,397860,0.002,264520,44941270,0.006,2 - Spécialiste libéral,2022-07-31
2023-01-01,2022-30,3,Médecin salarié,9300,397860,0.023,4468200,44941270,0.099,3 - Médecin salarié,2022-07-31
2023-01-01,2022-30,4,Pharmacien,287900,397860,0.724,22127780,44941270,0.492,4 - Pharmacien,2022-07-31
2023-01-01,2022-30,5,Infirmier libéral,41340,397860,0.104,3842450,44941270,0.085,5 - Infirmier libéral,2022-07-31
2023-01-01,2022-30,6,Infirmier salarié,6460,397860,0.016,750500,44941270,0.017,6 - Infirmier salarié,2022-07-31
2023-01-01,2022-30,7,Autre,660,397860,0.002,119390,44941270,0.003,7 - Autre,2022-07-31
2023-01-01,2022-31,1,Médecin Généraliste libéral,28320,211430,0.134,13396750,45152700,0.297,1 - Médecin Généraliste libéral,2022-08-07
2023-01-01,2022-31,2,Spécialiste libéral,390,211430,0.002,264910,45152700,0.006,2 - Spécialiste libéral,2022-08-07
2023-01-01,2022-31,3,Médecin salarié,5980,211430,0.028,4474170,45152700,0.099,3 - Médecin salarié,2022-08-07
2023-01-01,2022-31,4,Pharmacien,150620,211430,0.712,22278400,45152700,0.493,4 - Pharmacien,2022-08-07
2023-01-01,2022-31,5,Infirmier libéral,21650,211430,0.102,3864100,45152700,0.086,5 - Infirmier libéral,2022-08-07
2023-01-01,2022-31,6,Infirmier salarié,4130,211430,0.02,754620,45152700,0.017,6 - Infirmier salarié,2022-08-07
2023-01-01,2022-31,7,Autre,360,211430,0.002,119740,45152700,0.003,7 - Autre,2022-08-07
2023-01-01,2022-32,1,Médecin Généraliste libéral,23840,179100,0.133,13420590,45331800,0.296,1 - Médecin Généraliste libéral,2022-08-14
2023-01-01,2022-32,2,Spécialiste libéral,250,179100,0.001,265150,45331800,0.006,2 - Spécialiste libéral,2022-08-14
2023-01-01,2022-32,3,Médecin salarié,5980,179100,0.033,4480150,45331800,0.099,3 - Médecin salarié,2022-08-14
2023-01-01,2022-32,4,Pharmacien,129310,179100,0.722,22407710,45331800,0.494,4 - Pharmacien,2022-08-14
2023-01-01,2022-32,5,Infirmier libéral,15740,179100,0.088,3879840,45331800,0.086,5 - Infirmier libéral,2022-08-14
2023-01-01,2022-32,6,Infirmier salarié,3730,179100,0.021,758360,45331800,0.017,6 - Infirmier salarié,2022-08-14
2023-01-01,2022-32,7,Autre,260,179100,0.001,120000,45331800,0.003,7 - Autre,2022-08-14
2023-01-01,2022-33,1,Médecin Généraliste libéral,16590,125470,0.132,13437180,45457270,0.296,1 - Médecin Généraliste libéral,2022-08-21
2023-01-01,2022-33,2,Spécialiste libéral,160,125470,0.001,265310,45457270,0.006,2 - Spécialiste libéral,2022-08-21
2023-01-01,2022-33,3,Médecin salarié,3530,125470,0.028,4483680,45457270,0.099,3 - Médecin salarié,2022-08-21
2023-01-01,2022-33,4,Pharmacien,91300,125470,0.728,22499010,45457270,0.495,4 - Pharmacien,2022-08-21
2023-01-01,2022-33,5,Infirmier libéral,11050,125470,0.088,3890890,45457270,0.086,5 - Infirmier libéral,2022-08-21
2023-01-01,2022-33,6,Infirmier salarié,2670,125470,0.021,761030,45457270,0.017,6 - Infirmier salarié,2022-08-21
2023-01-01,2022-33,7,Autre,170,125470,0.001,120180,45457270,0.003,7 - Autre,2022-08-21
2023-01-01,2022-34,1,Médecin Généraliste libéral,20370,143030,0.142,13457550,45600300,0.295,1 - Médecin Généraliste libéral,2022-08-28
2023-01-01,2022-34,2,Spécialiste libéral,230,143030,0.002,265540,45600300,0.006,2 - Spécialiste libéral,2022-08-28
2023-01-01,2022-34,3,Médecin salarié,5410,143030,0.038,4489090,45600300,0.098,3 - Médecin salarié,2022-08-28
2023-01-01,2022-34,4,Pharmacien,102800,143030,0.719,22601810,45600300,0.496,4 - Pharmacien,2022-08-28
2023-01-01,2022-34,5,Infirmier libéral,11270,143030,0.079,3902150,45600300,0.086,5 - Infirmier libéral,2022-08-28
2023-01-01,2022-34,6,Infirmier salarié,2570,143030,0.018,763600,45600300,0.017,6 - Infirmier salarié,2022-08-28
2023-01-01,2022-34,7,Autre,380,143030,0.003,120560,45600300,0.003,7 - Autre,2022-08-28
2023-01-01,2022-35,1,Médecin Généraliste libéral,20810,143800,0.145,13478360,45744100,0.295,1 - Médecin Généraliste libéral,2022-09-04
2023-01-01,2022-35,2,Spécialiste libéral,290,143800,0.002,265830,45744100,0.006,2 - Spécialiste libéral,2022-09-04
2023-01-01,2022-35,3,Médecin salarié,4900,143800,0.034,4493990,45744100,0.098,3 - Médecin salarié,2022-09-04
2023-01-01,2022-35,4,Pharmacien,103600,143800,0.72,22705420,45744100,0.496,4 - Pharmacien,2022-09-04
2023-01-01,2022-35,5,Infirmier libéral,10950,143800,0.076,3913110,45744100,0.086,5 - Infirmier libéral,2022-09-04
2023-01-01,2022-35,6,Infirmier salarié,2850,143800,0.02,766450,45744100,0.017,6 - Infirmier salarié,2022-09-04
2023-01-01,2022-35,7,Autre,400,143800,0.003,120950,45744100,0.003,7 - Autre,2022-09-04
2023-01-01,2022-36,1,Médecin Généraliste libéral,20490,147250,0.139,13498850,45891350,0.294,1 - Médecin Généraliste libéral,2022-09-11
2023-01-01,2022-36,2,Spécialiste libéral,280,147250,0.002,266110,45891350,0.006,2 - Spécialiste libéral,2022-09-11
2023-01-01,2022-36,3,Médecin salarié,4990,147250,0.034,4498970,45891350,0.098,3 - Médecin salarié,2022-09-11
2023-01-01,2022-36,4,Pharmacien,106760,147250,0.725,22812170,45891350,0.497,4 - Pharmacien,2022-09-11
2023-01-01,2022-36,5,Infirmier libéral,11930,147250,0.081,3925040,45891350,0.086,5 - Infirmier libéral,2022-09-11
2023-01-01,2022-36,6,Infirmier salarié,2610,147250,0.018,769060,45891350,0.017,6 - Infirmier salarié,2022-09-11
2023-01-01,2022-36,7,Autre,200,147250,0.001,121150,45891350,0.003,7 - Autre,2022-09-11
2023-01-01,2022-37,1,Médecin Généraliste libéral,19860,134200,0.148,13518710,46025550,0.294,1 - Médecin Généraliste libéral,2022-09-18
2023-01-01,2022-37,2,Spécialiste libéral,200,134200,0.001,266310,46025550,0.006,2 - Spécialiste libéral,2022-09-18
2023-01-01,2022-37,3,Médecin salarié,5560,134200,0.041,4504530,46025550,0.098,3 - Médecin salarié,2022-09-18
2023-01-01,2022-37,4,Pharmacien,94810,134200,0.706,22906980,46025550,0.498,4 - Pharmacien,2022-09-18
2023-01-01,2022-37,5,Infirmier libéral,10640,134200,0.079,3935680,46025550,0.086,5 - Infirmier libéral,2022-09-18
2023-01-01,2022-37,6,Infirmier salarié,2890,134200,0.022,771950,46025550,0.017,6 - Infirmier salarié,2022-09-18
2023-01-01,2022-37,7,Autre,240,134200,0.002,121390,46025550,0.003,7 - Autre,2022-09-18
2023-01-01,2022-38,1,Médecin Généraliste libéral,20410,137670,0.148,13539120,46163220,0.293,1 - Médecin Généraliste libéral,2022-09-25
2023-01-01,2022-38,2,Spécialiste libéral,200,137670,0.001,266500,46163220,0.006,2 - Spécialiste libéral,2022-09-25
2023-01-01,2022-38,3,Médecin salarié,5130,137670,0.037,4509670,46163220,0.098,3 - Médecin salarié,2022-09-25
2023-01-01,2022-38,4,Pharmacien,98330,137670,0.714,23005320,46163220,0.498,4 - Pharmacien,2022-09-25
2023-01-01,2022-38,5,Infirmier libéral,10860,137670,0.079,3946540,46163220,0.085,5 - Infirmier libéral,2022-09-25
2023-01-01,2022-38,6,Infirmier salarié,2470,137670,0.018,774410,46163220,0.017,6 - Infirmier salarié,2022-09-25
2023-01-01,2022-38,7,Autre,280,137670,0.002,121670,46163220,0.003,7 - Autre,2022-09-25
2023-01-01,2022-39,1,Médecin Généraliste libéral,16820,129090,0.13,13555940,46292310,0.293,1 - Médecin Généraliste libéral,2022-10-02
2023-01-01,2022-39,2,Spécialiste libéral,220,129090,0.002,266730,46292310,0.006,2 - Spécialiste libéral,2022-10-02
2023-01-01,2022-39,3,Médecin salarié,5840,129090,0.045,4515500,46292310,0.098,3 - Médecin salarié,2022-10-02
2023-01-01,2022-39,4,Pharmacien,93670,129090,0.726,23098980,46292310,0.499,4 - Pharmacien,2022-10-02
2023-01-01,2022-39,5,Infirmier libéral,10040,129090,0.078,3956580,46292310,0.085,5 - Infirmier libéral,2022-10-02
2023-01-01,2022-39,6,Infirmier salarié,2280,129090,0.018,776690,46292310,0.017,6 - Infirmier salarié,2022-10-02
2023-01-01,2022-39,7,Autre,220,129090,0.002,121890,46292310,0.003,7 - Autre,2022-10-02
2023-01-01,2022-40,1,Médecin Généraliste libéral,17430,138440,0.126,13573360,46430760,0.292,1 - Médecin Généraliste libéral,2022-10-09
2023-01-01,2022-40,2,Spécialiste libéral,330,138440,0.002,267060,46430760,0.006,2 - Spécialiste libéral,2022-10-09
2023-01-01,2022-40,3,Médecin salarié,3660,138440,0.026,4519160,46430760,0.097,3 - Médecin salarié,2022-10-09
2023-01-01,2022-40,4,Pharmacien,103940,138440,0.751,23202920,46430760,0.5,4 - Pharmacien,2022-10-09
2023-01-01,2022-40,5,Infirmier libéral,10370,138440,0.075,3966960,46430760,0.085,5 - Infirmier libéral,2022-10-09
2023-01-01,2022-40,6,Infirmier salarié,2500,138440,0.018,779190,46430760,0.017,6 - Infirmier salarié,2022-10-09
2023-01-01,2022-40,7,Autre,230,138440,0.002,122120,46430760,0.003,7 - Autre,2022-10-09
2023-01-01,2022-41,1,Médecin Généraliste libéral,30160,239040,0.126,13603520,46669800,0.291,1 - Médecin Généraliste libéral,2022-10-16
2023-01-01,2022-41,2,Spécialiste libéral,350,239040,0.001,267400,46669800,0.006,2 - Spécialiste libéral,2022-10-16
2023-01-01,2022-41,3,Médecin salarié,7570,239040,0.032,4526730,46669800,0.097,3 - Médecin salarié,2022-10-16
2023-01-01,2022-41,4,Pharmacien,180840,239040,0.757,23383760,46669800,0.501,4 - Pharmacien,2022-10-16
2023-01-01,2022-41,5,Infirmier libéral,16740,239040,0.07,3983700,46669800,0.085,5 - Infirmier libéral,2022-10-16
2023-01-01,2022-41,6,Infirmier salarié,3110,239040,0.013,782290,46669800,0.017,6 - Infirmier salarié,2022-10-16
2023-01-01,2022-41,7,Autre,280,239040,0.001,122400,46669800,0.003,7 - Autre,2022-10-16
2023-01-01,2022-42,1,Médecin Généraliste libéral,41310,303790,0.136,13644830,46973590,0.29,1 - Médecin Généraliste libéral,2022-10-23
2023-01-01,2022-42,2,Spécialiste libéral,650,303790,0.002,268050,46973590,0.006,2 - Spécialiste libéral,2022-10-23
2023-01-01,2022-42,3,Médecin salarié,15540,303790,0.051,4542270,46973590,0.097,3 - Médecin salarié,2022-10-23
2023-01-01,2022-42,4,Pharmacien,217140,303790,0.715,23600900,46973590,0.502,4 - Pharmacien,2022-10-23
2023-01-01,2022-42,5,Infirmier libéral,22860,303790,0.075,4006560,46973590,0.085,5 - Infirmier libéral,2022-10-23
2023-01-01,2022-42,6,Infirmier salarié,5920,303790,0.019,788210,46973590,0.017,6 - Infirmier salarié,2022-10-23
2023-01-01,2022-42,7,Autre,360,303790,0.001,122760,46973590,0.003,7 - Autre,2022-10-23
2023-01-01,2022-43,1,Médecin Généraliste libéral,37840,284700,0.133,13682670,47258280,0.29,1 - Médecin Généraliste libéral,2022-10-30
2023-01-01,2022-43,2,Spécialiste libéral,610,284700,0.002,268660,47258280,0.006,2 - Spécialiste libéral,2022-10-30
2023-01-01,2022-43,3,Médecin salarié,18550,284700,0.065,4560820,47258280,0.097,3 - Médecin salarié,2022-10-30
2023-01-01,2022-43,4,Pharmacien,199990,284700,0.702,23800900,47258280,0.504,4 - Pharmacien,2022-10-30
2023-01-01,2022-43,5,Infirmier libéral,21600,284700,0.076,4028160,47258280,0.085,5 - Infirmier libéral,2022-10-30
2023-01-01,2022-43,6,Infirmier salarié,5750,284700,0.02,793960,47258280,0.017,6 - Infirmier salarié,2022-10-30
2023-01-01,2022-43,7,Autre,360,284700,0.001,123120,47258280,0.003,7 - Autre,2022-10-30
2023-01-01,2022-44,1,Médecin Généraliste libéral,25570,200150,0.128,13708250,47458440,0.289,1 - Médecin Généraliste libéral,2022-11-06
2023-01-01,2022-44,2,Spécialiste libéral,330,200150,0.002,268990,47458440,0.006,2 - Spécialiste libéral,2022-11-06
2023-01-01,2022-44,3,Médecin salarié,11480,200150,0.057,4572300,47458440,0.096,3 - Médecin salarié,2022-11-06
2023-01-01,2022-44,4,Pharmacien,142110,200150,0.71,23943000,47458440,0.505,4 - Pharmacien,2022-11-06
2023-01-01,2022-44,5,Infirmier libéral,16390,200150,0.082,4044540,47458440,0.085,5 - Infirmier libéral,2022-11-06
2023-01-01,2022-44,6,Infirmier salarié,4020,200150,0.02,797980,47458440,0.017,6 - Infirmier salarié,2022-11-06
2023-01-01,2022-44,7,Autre,260,200150,0.001,123380,47458440,0.003,7 - Autre,2022-11-06
2023-01-01,2022-45,1,Médecin Généraliste libéral,29820,240350,0.124,13738070,47698780,0.288,1 - Médecin Généraliste libéral,2022-11-13
2023-01-01,2022-45,2,Spécialiste libéral,490,240350,0.002,269490,47698780,0.006,2 - Spécialiste libéral,2022-11-13
2023-01-01,2022-45,3,Médecin salarié,18330,240350,0.076,4590620,47698780,0.096,3 - Médecin salarié,2022-11-13
2023-01-01,2022-45,4,Pharmacien,164310,240350,0.684,24107310,47698780,0.505,4 - Pharmacien,2022-11-13
2023-01-01,2022-45,5,Infirmier libéral,20710,240350,0.086,4065250,47698780,0.085,5 - Infirmier libéral,2022-11-13
2023-01-01,2022-45,6,Infirmier salarié,6530,240350,0.027,804510,47698780,0.017,6 - Infirmier salarié,2022-11-13
2023-01-01,2022-45,7,Autre,170,240350,0.001,123540,47698780,0.003,7 - Autre,2022-11-13
2023-01-01,2022-46,1,Médecin Généraliste libéral,42100,289960,0.145,13780160,47988740,0.287,1 - Médecin Généraliste libéral,2022-11-20
2023-01-01,2022-46,2,Spécialiste libéral,380,289960,0.001,269870,47988740,0.006,2 - Spécialiste libéral,2022-11-20
2023-01-01,2022-46,3,Médecin salarié,20480,289960,0.071,4611100,47988740,0.096,3 - Médecin salarié,2022-11-20
2023-01-01,2022-46,4,Pharmacien,197300,289960,0.68,24304610,47988740,0.506,4 - Pharmacien,2022-11-20
2023-01-01,2022-46,5,Infirmier libéral,22850,289960,0.079,4088100,47988740,0.085,5 - Infirmier libéral,2022-11-20
2023-01-01,2022-46,6,Infirmier salarié,6600,289960,0.023,811110,47988740,0.017,6 - Infirmier salarié,2022-11-20
2023-01-01,2022-46,7,Autre,260,289960,0.001,123800,47988740,0.003,7 - Autre,2022-11-20
2023-01-01,2022-47,1,Médecin Généraliste libéral,36810,267780,0.137,13816970,48256520,0.286,1 - Médecin Généraliste libéral,2022-11-27
2023-01-01,2022-47,2,Spécialiste libéral,650,267780,0.002,270520,48256520,0.006,2 - Spécialiste libéral,2022-11-27
2023-01-01,2022-47,3,Médecin salarié,17660,267780,0.066,4628760,48256520,0.096,3 - Médecin salarié,2022-11-27
2023-01-01,2022-47,4,Pharmacien,185000,267780,0.691,24489610,48256520,0.507,4 - Pharmacien,2022-11-27
2023-01-01,2022-47,5,Infirmier libéral,20930,267780,0.078,4109020,48256520,0.085,5 - Infirmier libéral,2022-11-27
2023-01-01,2022-47,6,Infirmier salarié,6490,267780,0.024,817600,48256520,0.017,6 - Infirmier salarié,2022-11-27
2023-01-01,2022-47,7,Autre,250,267780,0.001,124050,48256520,0.003,7 - Autre,2022-11-27
2023-01-01,2022-48,1,Médecin Généraliste libéral,35380,368820,0.096,13852350,48625340,0.285,1 - Médecin Généraliste libéral,2022-12-04
2023-01-01,2022-48,2,Spécialiste libéral,830,368820,0.002,271350,48625340,0.006,2 - Spécialiste libéral,2022-12-04
2023-01-01,2022-48,3,Médecin salarié,15580,368820,0.042,4644340,48625340,0.096,3 - Médecin salarié,2022-12-04
2023-01-01,2022-48,4,Pharmacien,279870,368820,0.759,24769480,48625340,0.509,4 - Pharmacien,2022-12-04
2023-01-01,2022-48,5,Infirmier libéral,29980,368820,0.081,4139000,48625340,0.085,5 - Infirmier libéral,2022-12-04
2023-01-01,2022-48,6,Infirmier salarié,6730,368820,0.018,824330,48625340,0.017,6 - Infirmier salarié,2022-12-04
2023-01-01,2022-48,7,Autre,450,368820,0.001,124500,48625340,0.003,7 - Autre,2022-12-04
2023-01-01,2022-49,1,Médecin Généraliste libéral,59260,611370,0.097,13911610,49236710,0.283,1 - Médecin Généraliste libéral,2022-12-11
2023-01-01,2022-49,2,Spécialiste libéral,1210,611370,0.002,272560,49236710,0.006,2 - Spécialiste libéral,2022-12-11
2023-01-01,2022-49,3,Médecin salarié,16770,611370,0.027,4661110,49236710,0.095,3 - Médecin salarié,2022-12-11
2023-01-01,2022-49,4,Pharmacien,468970,611370,0.767,25238440,49236710,0.513,4 - Pharmacien,2022-12-11
2023-01-01,2022-49,5,Infirmier libéral,55210,611370,0.09,4194210,49236710,0.085,5 - Infirmier libéral,2022-12-11
2023-01-01,2022-49,6,Infirmier salarié,9100,611370,0.015,833430,49236710,0.017,6 - Infirmier salarié,2022-12-11
2023-01-01,2022-49,7,Autre,850,611370,0.001,125350,49236710,0.003,7 - Autre,2022-12-11
2023-01-01,2022-50,1,Médecin Généraliste libéral,69670,754840,0.092,13981290,49991550,0.28,1 - Médecin Généraliste libéral,2022-12-18
2023-01-01,2022-50,2,Spécialiste libéral,1340,754840,0.002,273900,49991550,0.005,2 - Spécialiste libéral,2022-12-18
2023-01-01,2022-50,3,Médecin salarié,19050,754840,0.025,4680160,49991550,0.094,3 - Médecin salarié,2022-12-18
2023-01-01,2022-50,4,Pharmacien,573690,754840,0.76,25812130,49991550,0.516,4 - Pharmacien,2022-12-18
2023-01-01,2022-50,5,Infirmier libéral,77520,754840,0.103,4271730,49991550,0.085,5 - Infirmier libéral,2022-12-18
2023-01-01,2022-50,6,Infirmier salarié,12560,754840,0.017,845990,49991550,0.017,6 - Infirmier salarié,2022-12-18
2023-01-01,2022-50,7,Autre,1010,754840,0.001,126350,49991550,0.003,7 - Autre,2022-12-18
2023-01-01,2022-51,1,Médecin Généraliste libéral,34120,422500,0.081,14015410,50414040,0.278,1 - Médecin Généraliste libéral,2022-12-25
2023-01-01,2022-51,2,Spécialiste libéral,770,422500,0.002,274660,50414040,0.005,2 - Spécialiste libéral,2022-12-25
2023-01-01,2022-51,3,Médecin salarié,9590,422500,0.023,4689750,50414040,0.093,3 - Médecin salarié,2022-12-25
2023-01-01,2022-51,4,Pharmacien,333660,422500,0.79,26145790,50414040,0.519,4 - Pharmacien,2022-12-25
2023-01-01,2022-51,5,Infirmier libéral,37010,422500,0.088,4308740,50414040,0.085,5 - Infirmier libéral,2022-12-25
2023-01-01,2022-51,6,Infirmier salarié,6690,422500,0.016,852680,50414040,0.017,6 - Infirmier salarié,2022-12-25
2023-01-01,2022-51,7,Autre,660,422500,0.002,127010,50414040,0.003,7 - Autre,2022-12-25
2023-01-01,2022-52,1,Médecin Généraliste libéral,13360,207920,0.064,14028770,50621960,0.277,1 - Médecin Généraliste libéral,2023-01-01
2023-01-01,2022-52,2,Spécialiste libéral,290,207920,0.001,274950,50621960,0.005,2 - Spécialiste libéral,2023-01-01
2023-01-01,2022-52,3,Médecin salarié,3260,207920,0.016,4693010,50621960,0.093,3 - Médecin salarié,2023-01-01
2023-01-01,2022-52,4,Pharmacien,173990,207920,0.837,26319780,50621960,0.52,4 - Pharmacien,2023-01-01
2023-01-01,2022-52,5,Infirmier libéral,13490,207920,0.065,4322230,50621960,0.085,5 - Infirmier libéral,2023-01-01
2023-01-01,2022-52,6,Infirmier salarié,3180,207920,0.015,855860,50621960,0.017,6 - Infirmier salarié,2023-01-01
2023-01-01,2022-52,7,Autre,360,207920,0.002,127370,50621960,0.003,7 - Autre,2023-01-01
